adjacent_land_output_valid_pixel_count,adjacent_land_transfer_absolute_sum_vs_reference,adjacent_land_transfer_comparison_pixel_count,adjacent_land_transfer_mean_vs_reference,adjacent_land_transfer_sum_vs_reference,allocated_radiance_over_water,allocated_radiance_over_water_share,allocated_radiance_total,allocation_proxy,array_shape,boundary_pixel_count,city_id,cutout_role,denominator_epsilon_reference,denominator_epsilon_relative,denominator_floor_pixel_count,denominator_instability_pixel_count,denominator_instability_threshold_relative,edge_padding,exact_conservation_assumed,fine_pixel_area_m2,formula,insufficient_proxy_threshold,interpretation,invalid_proxy_neighborhood_pixel_count,invalid_radiance_neighborhood_pixel_count,kernel_configuration,kernel_mass,kernel_parameter_name,kernel_parameter_value,kernel_resolution_m,kernel_semantics,kernel_shape,kernel_type,method_class,minimum_cell_proxy_support_fraction,minimum_valid_kernel_support_fraction,native_cell_count,negative_preclip_output_pixel_count,negative_radiance_input_pixel_count,negative_radiance_policy,operator_consistency_bias,operator_consistency_mae,operator_consistency_nmae_by_source_mean_absolute,operator_consistency_rmse,operator_consistency_sample_count,operator_consistency_source_mean_absolute,operator_name,output_nodata,overlap_record_count,positive_radiance_authority_insufficient_support_share,positive_radiance_authority_on_insufficient_proxy_support,positive_radiance_authority_total,positive_source_radiance_authority_over_water,positive_source_radiance_authority_over_water_share,positive_source_radiance_authority_total,proxy_mean_after_normalization,proxy_mean_before_normalization,proxy_normalization_divisor,proxy_normalization_support_pixel_count,radiance_quality,sigma_m,support_definition,support_fraction_tolerance,support_radius_m,truncate_sigma,valid_output_fraction,valid_output_pixel_count,water_output_valid_pixel_count,water_variant
0,,,,,0.0,0.0,3800180.149887085,uniform_normalized_convolution,"[100, 100]",0,usa_new_york,dense_building,normalized_proxy_mean,1e-06,0,0,0.05,constant_invalid,False,,"L_tilde = h * (k tensor l) / max(k tensor h, epsilon)",0.05,diagnostic only; lower allocated-water radiance does not select a winner,0,0,circular_mean_reference,0.9999999999999998,radius_m,500.0,10.0,literal_fork_form_reference_not_measured_viirs_psf,"[101, 101]",circular_mean,uniform_baseline,,1.0,,0,0,retain_in_numerator_then_clip_negative_output_after_recording,43.25160471288396,68.33352234942896,0.16424809926461478,89.12779271087473,8206,416.0384360937964,fork_form_locally_normalized_radiance_allocation,nan,,0.0,0.0,3955124.75,0.0,0.0,3955124.870010376,1.0,1.0,1.0,372100,strict,,fine_pixel_centers_within_radius,1e-06,,,1.0,10000,0,not_applicable
0,,,,,0.0,0.0,3899531.178123474,built_form_primary,"[100, 100]",0,usa_new_york,dense_building,normalized_proxy_mean,1e-06,0,0,0.05,constant_invalid,False,,"L_tilde = h * (k tensor l) / max(k tensor h, epsilon)",0.05,diagnostic only; lower allocated-water radiance does not select a winner,0,0,circular_mean_reference,0.9999999999999998,radius_m,500.0,10.0,literal_fork_form_reference_not_measured_viirs_psf,"[101, 101]",circular_mean,stationary_kernel_allocation,,1.0,,0,0,retain_in_numerator_then_clip_negative_output_after_recording,37.18752903372318,67.9606020929986,0.16335173915920786,88.12070828228288,8206,416.0384360937964,fork_form_locally_normalized_radiance_allocation,nan,,0.0,0.0,3955124.75,0.0,0.0,3955124.870010376,1.6577788955751316,0.36059074678606196,0.2175143856843402,372100,strict,,fine_pixel_centers_within_radius,1e-06,,,1.0,10000,0,no_water_prior
0,,0,,,0.0,0.0,3892340.3320732117,built_form_primary,"[100, 100]",0,usa_new_york,dense_building,normalized_proxy_mean,1e-06,0,0,0.05,constant_invalid,False,,"L_tilde = h * (k tensor l) / max(k tensor h, epsilon)",0.05,diagnostic only; lower allocated-water radiance does not select a winner,0,0,circular_mean_reference,0.9999999999999998,radius_m,500.0,10.0,literal_fork_form_reference_not_measured_viirs_psf,"[101, 101]",circular_mean,stationary_kernel_allocation,,1.0,,0,0,retain_in_numerator_then_clip_negative_output_after_recording,37.696889793178435,68.11185857525054,0.16371530288104108,88.73766371793214,8206,416.0384360937964,fork_form_locally_normalized_radiance_allocation,nan,,0.0,0.0,3955124.75,0.0,0.0,3955124.870010376,1.6401479103210967,0.35615609427967587,0.21714875975244102,372100,strict,,fine_pixel_centers_within_radius,1e-06,,,1.0,10000,0,persistent_only_soft
0,,0,,,0.0,0.0,3908857.445661545,built_form_primary,"[100, 100]",0,usa_new_york,dense_building,normalized_proxy_mean,1e-06,0,0,0.05,constant_invalid,False,,"L_tilde = h * (k tensor l) / max(k tensor h, epsilon)",0.05,diagnostic only; lower allocated-water radiance does not select a winner,0,0,circular_mean_reference,0.9999999999999998,radius_m,500.0,10.0,literal_fork_form_reference_not_measured_viirs_psf,"[101, 101]",circular_mean,stationary_kernel_allocation,,1.0,,0,0,retain_in_numerator_then_clip_negative_output_after_recording,37.56744275428945,67.2438097736936,0.1616288398856816,87.61399506806325,8206,416.0384360937964,fork_form_locally_normalized_radiance_allocation,nan,,0.0,0.0,3955124.75,0.0,0.0,3955124.870010376,1.5751419798592925,0.33669564469539487,0.2137557473567002,372100,strict,,fine_pixel_centers_within_radius,1e-06,,,1.0,10000,0,spectral_only_soft
0,,0,,,0.0,0.0,3901932.05352211,built_form_primary,"[100, 100]",0,usa_new_york,dense_building,normalized_proxy_mean,1e-06,0,0,0.05,constant_invalid,False,,"L_tilde = h * (k tensor l) / max(k tensor h, epsilon)",0.05,diagnostic only; lower allocated-water radiance does not select a winner,0,0,circular_mean_reference,0.9999999999999998,radius_m,500.0,10.0,literal_fork_form_reference_not_measured_viirs_psf,"[101, 101]",circular_mean,stationary_kernel_allocation,,1.0,,0,0,retain_in_numerator_then_clip_negative_output_after_recording,38.07797022909471,67.36901903443008,0.16192979587886358,88.22932315555244,8206,416.0384360937964,fork_form_locally_normalized_radiance_allocation,nan,,0.0,0.0,3955124.75,0.0,0.0,3955124.870010376,1.5632069658247958,0.33368576789349397,0.21346231282314257,372100,strict,,fine_pixel_centers_within_radius,1e-06,,,1.0,10000,0,combined_soft
0,,0,,,0.0,0.0,3908857.4837093353,built_form_primary,"[100, 100]",0,usa_new_york,dense_building,normalized_proxy_mean,1e-06,0,0,0.05,constant_invalid,False,,"L_tilde = h * (k tensor l) / max(k tensor h, epsilon)",0.05,diagnostic only; lower allocated-water radiance does not select a winner,0,0,circular_mean_reference,0.9999999999999998,radius_m,500.0,10.0,literal_fork_form_reference_not_measured_viirs_psf,"[101, 101]",circular_mean,stationary_kernel_allocation,,1.0,,0,0,retain_in_numerator_then_clip_negative_output_after_recording,37.56743317059473,67.2438124104183,0.16162884622337656,87.6139927290755,8206,416.0384360937964,fork_form_locally_normalized_radiance_allocation,nan,,0.0,0.0,3955124.75,0.0,0.0,3955124.870010376,1.5724835669684398,0.3360160196515977,0.2136849184521666,372100,strict,,fine_pixel_centers_within_radius,1e-06,,,1.0,10000,0,combined_hard_persistent_sensitivity_only
0,,0,,,0.0,0.0,3899531.178123474,built_form_primary,"[100, 100]",0,usa_new_york,dense_building,normalized_proxy_mean,1e-06,0,0,0.05,constant_invalid,False,,"L_tilde = h * (k tensor l) / max(k tensor h, epsilon)",0.05,diagnostic only; lower allocated-water radiance does not select a winner,0,0,circular_mean_reference,0.9999999999999998,radius_m,500.0,10.0,literal_fork_form_reference_not_measured_viirs_psf,"[101, 101]",circular_mean,stationary_kernel_allocation,,1.0,,0,0,retain_in_numerator_then_clip_negative_output_after_recording,37.18752903372318,67.9606020929986,0.16335173915920786,88.12070828228288,8206,416.0384360937964,fork_form_locally_normalized_radiance_allocation,nan,,0.0,0.0,3955124.75,0.0,0.0,3955124.870010376,1.6577788955751316,0.36059074678606196,0.2175143856843402,372100,strict,,fine_pixel_centers_within_radius,1e-06,,,1.0,10000,0,soft_with_mapped_infrastructure_override
0,,,,,0.0,0.0,650781.7398262024,built_form_primary,"[100, 100]",0,usa_new_york,dense_building,normalized_proxy_mean,1e-06,0,0,0.05,constant_invalid,False,,"L_tilde = h * (k tensor l) / max(k tensor h, epsilon)",0.05,diagnostic only; lower allocated-water radiance does not select a winner,0,8635,gaussian_fwhm_750m,1.0,fwhm_m,750.0,10.0,named_allocation_sensitivity_not_recovered_viirs_psf,"[257, 257]",gaussian,stationary_kernel_allocation,,1.0,,0,0,retain_in_numerator_then_clip_negative_output_after_recording,,,,,0,,fork_form_locally_normalized_radiance_allocation,nan,,0.0,0.0,3955124.75,0.0,0.0,3955124.870010376,1.5632069658247958,0.33368576789349397,0.21346231282314257,372100,strict,318.49567510800716,,1e-06,1280.0,4.0,0.1345,1345,0,combined_soft
0,,,,,0.0,,0.0,built_form_primary,"[100, 100]",0,usa_new_york,dense_building,normalized_proxy_mean,1e-06,0,0,0.05,constant_invalid,False,,"L_tilde = h * (k tensor l) / max(k tensor h, epsilon)",0.05,diagnostic only; lower allocated-water radiance does not select a winner,0,10000,gaussian_fwhm_1000m,1.0,fwhm_m,1000.0,10.0,named_allocation_sensitivity_not_recovered_viirs_psf,"[341, 341]",gaussian,stationary_kernel_allocation,,1.0,,0,0,retain_in_numerator_then_clip_negative_output_after_recording,,,,,0,,fork_form_locally_normalized_radiance_allocation,nan,,0.0,0.0,3955124.75,0.0,0.0,3955124.870010376,1.5632069658247958,0.33368576789349397,0.21346231282314257,372100,strict,424.66090014400953,,1e-06,1700.0,4.0,0.0,0,0,combined_soft
0,,,,,0.0,,0.0,built_form_primary,"[100, 100]",0,usa_new_york,dense_building,normalized_proxy_mean,1e-06,0,0,0.05,constant_invalid,False,,"L_tilde = h * (k tensor l) / max(k tensor h, epsilon)",0.05,diagnostic only; lower allocated-water radiance does not select a winner,0,10000,gaussian_fwhm_1500m,1.0,fwhm_m,1500.0,10.0,named_allocation_sensitivity_not_recovered_viirs_psf,"[511, 511]",gaussian,stationary_kernel_allocation,,1.0,,0,0,retain_in_numerator_then_clip_negative_output_after_recording,,,,,0,,fork_form_locally_normalized_radiance_allocation,nan,,0.0,0.0,3955124.75,0.0,0.0,3955124.870010376,1.5632069658247958,0.33368576789349397,0.21346231282314257,372100,strict,636.9913502160143,,1e-06,2550.0,4.0,0.0,0,0,combined_soft
0,,,,,0.0,0.0,3813495.173265457,s2_only_ablation,"[100, 100]",0,usa_new_york,dense_building,normalized_proxy_mean,1e-06,0,0,0.05,constant_invalid,False,,"L_tilde = h * (k tensor l) / max(k tensor h, epsilon)",0.05,diagnostic only; lower allocated-water radiance does not select a winner,0,0,circular_mean_reference,0.9999999999999998,radius_m,500.0,10.0,literal_fork_form_reference_not_measured_viirs_psf,"[101, 101]",circular_mean,stationary_kernel_allocation,,1.0,,0,0,retain_in_numerator_then_clip_negative_output_after_recording,41.80556502355008,68.03282033877055,0.1635253246732051,88.47661792607495,8206,416.0384360937964,fork_form_locally_normalized_radiance_allocation,nan,,0.0,0.0,3955124.75,0.0,0.0,3955124.870010376,1.117964656947098,0.3774066705447017,0.33758371198489434,371988,strict,,fine_pixel_centers_within_radius,1e-06,,,1.0,10000,0,no_water_prior
0,,0,,,0.0,0.0,3805755.3930015564,s2_only_ablation,"[100, 100]",0,usa_new_york,dense_building,normalized_proxy_mean,1e-06,0,0,0.05,constant_invalid,False,,"L_tilde = h * (k tensor l) / max(k tensor h, epsilon)",0.05,diagnostic only; lower allocated-water radiance does not select a winner,0,0,circular_mean_reference,0.9999999999999998,radius_m,500.0,10.0,literal_fork_form_reference_not_measured_viirs_psf,"[101, 101]",circular_mean,stationary_kernel_allocation,,1.0,,0,0,retain_in_numerator_then_clip_negative_output_after_recording,42.36644871502774,68.02816531102076,0.16351413573644843,89.1035623638229,8206,416.0384360937964,fork_form_locally_normalized_radiance_allocation,nan,,0.0,0.0,3955124.75,0.0,0.0,3955124.870010376,1.137758429345921,0.36273244434656443,0.31881324244351006,371988,strict,,fine_pixel_centers_within_radius,1e-06,,,1.0,10000,0,persistent_only_soft
0,,0,,,0.0,0.0,3813869.035583496,s2_only_ablation,"[100, 100]",0,usa_new_york,dense_building,normalized_proxy_mean,1e-06,0,0,0.05,constant_invalid,False,,"L_tilde = h * (k tensor l) / max(k tensor h, epsilon)",0.05,diagnostic only; lower allocated-water radiance does not select a winner,0,0,circular_mean_reference,0.9999999999999998,radius_m,500.0,10.0,literal_fork_form_reference_not_measured_viirs_psf,"[101, 101]",circular_mean,stationary_kernel_allocation,,1.0,,0,0,retain_in_numerator_then_clip_negative_output_after_recording,41.98446219414291,67.91351026051107,0.1632385480970318,88.47224117472814,8206,416.0384360937964,fork_form_locally_normalized_radiance_allocation,nan,,0.0,0.0,3955124.75,0.0,0.0,3955124.870010376,1.1422599696526392,0.3683924107129483,0.322511877762938,371988,strict,,fine_pixel_centers_within_radius,1e-06,,,1.0,10000,0,spectral_only_soft
0,,0,,,0.0,0.0,3806154.3004989624,s2_only_ablation,"[100, 100]",0,usa_new_york,dense_building,normalized_proxy_mean,1e-06,0,0,0.05,constant_invalid,False,,"L_tilde = h * (k tensor l) / max(k tensor h, epsilon)",0.05,diagnostic only; lower allocated-water radiance does not select a winner,0,0,circular_mean_reference,0.9999999999999998,radius_m,500.0,10.0,literal_fork_form_reference_not_measured_viirs_psf,"[101, 101]",circular_mean,stationary_kernel_allocation,,1.0,,0,0,retain_in_numerator_then_clip_negative_output_after_recording,42.54920503159369,67.89478610115692,0.16319354225687446,89.10693279089816,8206,416.0384360937964,fork_form_locally_normalized_radiance_allocation,nan,,0.0,0.0,3955124.75,0.0,0.0,3955124.870010376,1.1303079341878415,0.35864824907837595,0.31730136819407767,371988,strict,,fine_pixel_centers_within_radius,1e-06,,,1.0,10000,0,combined_soft
0,,0,,,0.0,0.0,3813868.997943878,s2_only_ablation,"[100, 100]",0,usa_new_york,dense_building,normalized_proxy_mean,1e-06,0,0,0.05,constant_invalid,False,,"L_tilde = h * (k tensor l) / max(k tensor h, epsilon)",0.05,diagnostic only; lower allocated-water radiance does not select a winner,0,0,circular_mean_reference,0.9999999999999998,radius_m,500.0,10.0,literal_fork_form_reference_not_measured_viirs_psf,"[101, 101]",circular_mean,stationary_kernel_allocation,,1.0,,0,0,retain_in_numerator_then_clip_negative_output_after_recording,41.98443342446409,67.91352821552779,0.1632385912541422,88.4722419593687,8206,416.0384360937964,fork_form_locally_normalized_radiance_allocation,nan,,0.0,0.0,3955124.75,0.0,0.0,3955124.870010376,1.1362623993852103,0.36408028149466204,0.3204192069229485,371988,strict,,fine_pixel_centers_within_radius,1e-06,,,1.0,10000,0,combined_hard_persistent_sensitivity_only
0,,0,,,0.0,0.0,3813720.6163864136,s2_only_ablation,"[100, 100]",0,usa_new_york,dense_building,normalized_proxy_mean,1e-06,0,0,0.05,constant_invalid,False,,"L_tilde = h * (k tensor l) / max(k tensor h, epsilon)",0.05,diagnostic only; lower allocated-water radiance does not select a winner,0,0,circular_mean_reference,0.9999999999999998,radius_m,500.0,10.0,literal_fork_form_reference_not_measured_viirs_psf,"[101, 101]",circular_mean,stationary_kernel_allocation,,1.0,,0,0,retain_in_numerator_then_clip_negative_output_after_recording,41.79291485519837,68.030511769149,0.16351977573969015,88.47147971606307,8206,416.0384360937964,fork_form_locally_normalized_radiance_allocation,nan,,0.0,0.0,3955124.75,0.0,0.0,3955124.870010376,1.145603016360764,0.3646811288181543,0.3183311601297592,371988,strict,,fine_pixel_centers_within_radius,1e-06,,,1.0,10000,0,soft_with_mapped_infrastructure_override
0,,,,,0.0,0.0,619888.8870201111,s2_only_ablation,"[100, 100]",0,usa_new_york,dense_building,normalized_proxy_mean,1e-06,0,0,0.05,constant_invalid,False,,"L_tilde = h * (k tensor l) / max(k tensor h, epsilon)",0.05,diagnostic only; lower allocated-water radiance does not select a winner,161,8635,gaussian_fwhm_750m,1.0,fwhm_m,750.0,10.0,named_allocation_sensitivity_not_recovered_viirs_psf,"[257, 257]",gaussian,stationary_kernel_allocation,,1.0,,0,0,retain_in_numerator_then_clip_negative_output_after_recording,,,,,0,,fork_form_locally_normalized_radiance_allocation,nan,,0.0,0.0,3955124.75,0.0,0.0,3955124.870010376,1.1303079341878415,0.35864824907837595,0.31730136819407767,371988,strict,318.49567510800716,,1e-06,1280.0,4.0,0.1339,1339,0,combined_soft
0,,,,,0.0,,0.0,s2_only_ablation,"[100, 100]",0,usa_new_york,dense_building,normalized_proxy_mean,1e-06,0,0,0.05,constant_invalid,False,,"L_tilde = h * (k tensor l) / max(k tensor h, epsilon)",0.05,diagnostic only; lower allocated-water radiance does not select a winner,3428,10000,gaussian_fwhm_1000m,1.0,fwhm_m,1000.0,10.0,named_allocation_sensitivity_not_recovered_viirs_psf,"[341, 341]",gaussian,stationary_kernel_allocation,,1.0,,0,0,retain_in_numerator_then_clip_negative_output_after_recording,,,,,0,,fork_form_locally_normalized_radiance_allocation,nan,,0.0,0.0,3955124.75,0.0,0.0,3955124.870010376,1.1303079341878415,0.35864824907837595,0.31730136819407767,371988,strict,424.66090014400953,,1e-06,1700.0,4.0,0.0,0,0,combined_soft
0,,,,,0.0,,0.0,s2_only_ablation,"[100, 100]",0,usa_new_york,dense_building,normalized_proxy_mean,1e-06,0,0,0.05,constant_invalid,False,,"L_tilde = h * (k tensor l) / max(k tensor h, epsilon)",0.05,diagnostic only; lower allocated-water radiance does not select a winner,10000,10000,gaussian_fwhm_1500m,1.0,fwhm_m,1500.0,10.0,named_allocation_sensitivity_not_recovered_viirs_psf,"[511, 511]",gaussian,stationary_kernel_allocation,,1.0,,0,0,retain_in_numerator_then_clip_negative_output_after_recording,,,,,0,,fork_form_locally_normalized_radiance_allocation,nan,,0.0,0.0,3955124.75,0.0,0.0,3955124.870010376,1.1303079341878415,0.35864824907837595,0.31730136819407767,371988,strict,636.9913502160143,,1e-06,2550.0,4.0,0.0,0,0,combined_soft
0,,,,,0.0,0.0,3759352.6456985474,built_form_primary,"[100, 100]",0,usa_new_york,dense_building,normalized_proxy_mean,1e-06,0,0,0.05,constant_invalid,False,,"L_tilde = h * (k tensor l) / max(k tensor h, epsilon)",0.05,diagnostic only; lower allocated-water radiance does not select a winner,0,0,circular_mean_reference,0.9999999999999998,radius_m,500.0,10.0,literal_fork_form_reference_not_measured_viirs_psf,"[101, 101]",circular_mean,stationary_kernel_allocation,,1.0,,0,0,retain_in_numerator_then_clip_negative_output_after_recording,23.078057678222656,53.56365914916992,0.14183858026882146,81.66663000261099,10000,377.6381506896973,fork_form_locally_normalized_radiance_allocation,nan,,0.0,0.0,3776381.5,0.0,0.0,3776381.5068969727,1.5632069658247958,0.33368576789349397,0.21346231282314257,372100,broad_sensitivity,,fine_pixel_centers_within_radius,1e-06,,,1.0,10000,0,combined_soft
0,,,,,0.0,0.0,4016086.5074272156,built_form_primary,"[100, 100]",,usa_new_york,dense_building,,,,,,,False,100.0,,,diagnostic only; lower allocated-water radiance does not select a winner,,,native_vnp_footprint,,,,,actual_projected_source_cell_polygon_area_overlap_major_sensitivity,,native_vnp_footprint,native_footprint_allocation,1.0,,12,,,,1.3337758829196293,1.4314125329256058,0.0042090993380696036,2.0299708364141917,12,340.0757306863864,native_vnp_footprint_area_overlap_sensitivity,,20507,,,,0.0,0.0,3955124.870010376,1.5632069658247958,0.33368576789349397,0.21346231282314257,372100,strict,,,1e-06,,,1.0,10000,0,combined_soft
0,,,,,0.0,0.0,3968662.1304330826,s2_only_ablation,"[100, 100]",,usa_new_york,dense_building,,,,,,,False,100.0,,,diagnostic only; lower allocated-water radiance does not select a winner,,,native_vnp_footprint,,,,,actual_projected_source_cell_polygon_area_overlap_major_sensitivity,,native_vnp_footprint,native_footprint_allocation,1.0,,12,,,,1.4151381289896865,1.4566940874792635,0.004283440359042061,2.0273176090698963,12,340.0757254397807,native_vnp_footprint_area_overlap_sensitivity,,20507,,,,0.0,0.0,3955124.870010376,1.1303079341878415,0.35864824907837595,0.31730136819407767,371988,strict,,,1e-06,,,1.0,10000,0,combined_soft
5361,,,,,55350.13344192505,0.1043527603605653,530413.6972579956,uniform_normalized_convolution,"[100, 100]",0,usa_new_york,sparse_built,normalized_proxy_mean,1e-06,0,0,0.05,constant_invalid,False,,"L_tilde = h * (k tensor l) / max(k tensor h, epsilon)",0.05,diagnostic only; lower allocated-water radiance does not select a winner,0,0,circular_mean_reference,0.9999999999999998,radius_m,500.0,10.0,literal_fork_form_reference_not_measured_viirs_psf,"[101, 101]",circular_mean,uniform_baseline,,1.0,,0,0,retain_in_numerator_then_clip_negative_output_after_recording,6.507074706268311,12.066033369445801,0.21121639786607066,13.743278664341048,10000,57.12640444278717,fork_form_locally_normalized_radiance_allocation,nan,,0.0,0.0,571264.0,47808.90778923035,0.08368968475359163,571264.0444278717,1.0,1.0,1.0,372100,strict,,fine_pixel_centers_within_radius,1e-06,,,1.0,10000,1507,not_applicable
5361,,,,,25448.261289596558,0.050427038493950145,504655.08286094666,built_form_primary,"[100, 100]",0,usa_new_york,sparse_built,normalized_proxy_mean,1e-06,0,0,0.05,constant_invalid,False,,"L_tilde = h * (k tensor l) / max(k tensor h, epsilon)",0.05,diagnostic only; lower allocated-water radiance does not select a winner,0,0,circular_mean_reference,0.9999999999999998,radius_m,500.0,10.0,literal_fork_form_reference_not_measured_viirs_psf,"[101, 101]",circular_mean,stationary_kernel_allocation,,1.0,,0,0,retain_in_numerator_then_clip_negative_output_after_recording,4.191594067955017,9.53845235080719,0.16697099080268693,11.261253012914768,10000,57.12640444278717,fork_form_locally_normalized_radiance_allocation,nan,,0.0,0.0,571264.0,47808.90778923035,0.08368968475359163,571264.0444278717,0.8521453200168136,0.18535386100958046,0.2175143856843402,372100,strict,,fine_pixel_centers_within_radius,1e-06,,,1.0,10000,1507,no_water_prior
5361,389.88885593414307,5361,0.07272678158928533,389.8882761001587,25737.18918991089,0.05093105458442135,505333.91464042664,built_form_primary,"[100, 100]",0,usa_new_york,sparse_built,normalized_proxy_mean,1e-06,0,0,0.05,constant_invalid,False,,"L_tilde = h * (k tensor l) / max(k tensor h, epsilon)",0.05,diagnostic only; lower allocated-water radiance does not select a winner,0,0,circular_mean_reference,0.9999999999999998,radius_m,500.0,10.0,literal_fork_form_reference_not_measured_viirs_psf,"[101, 101]",circular_mean,stationary_kernel_allocation,,1.0,,0,0,retain_in_numerator_then_clip_negative_output_after_recording,4.2433182098388675,9.542593646621704,0.16704348435194682,11.273724077938898,10000,57.12640444278717,fork_form_locally_normalized_radiance_allocation,nan,,0.0,0.0,571264.0,47808.90778923035,0.08368968475359163,571264.0444278717,0.8527523825865653,0.18517412573782924,0.21714875975244102,372100,strict,,fine_pixel_centers_within_radius,1e-06,,,1.0,10000,1507,persistent_only_soft
5361,7633.1331243515015,5361,0.20014717356079306,1072.9889974594116,25763.8135137558,0.05096763866373487,505493.56786441803,built_form_primary,"[100, 100]",0,usa_new_york,sparse_built,normalized_proxy_mean,1e-06,0,0,0.05,constant_invalid,False,,"L_tilde = h * (k tensor l) / max(k tensor h, epsilon)",0.05,diagnostic only; lower allocated-water radiance does not select a winner,0,0,circular_mean_reference,0.9999999999999998,radius_m,500.0,10.0,literal_fork_form_reference_not_measured_viirs_psf,"[101, 101]",circular_mean,stationary_kernel_allocation,,1.0,,0,0,retain_in_numerator_then_clip_negative_output_after_recording,4.1345784313201905,9.550085362625122,0.16717462714093367,11.266609870917225,10000,57.12640444278717,fork_form_locally_normalized_radiance_allocation,nan,,0.0,0.0,571264.0,47808.90778923035,0.08368968475359163,571264.0444278717,0.8559058824446663,0.18295479845954418,0.2137557473567002,372100,strict,,fine_pixel_centers_within_radius,1e-06,,,1.0,10000,1507,spectral_only_soft
5361,7724.912350654602,5361,0.2178521231914763,1167.9052324295044,25822.039576530457,0.05106735415552425,505646.70920467377,built_form_primary,"[100, 100]",0,usa_new_york,sparse_built,normalized_proxy_mean,1e-06,0,0,0.05,constant_invalid,False,,"L_tilde = h * (k tensor l) / max(k tensor h, epsilon)",0.05,diagnostic only; lower allocated-water radiance does not select a winner,0,0,circular_mean_reference,0.9999999999999998,radius_m,500.0,10.0,literal_fork_form_reference_not_measured_viirs_psf,"[101, 101]",circular_mean,stationary_kernel_allocation,,1.0,,0,0,retain_in_numerator_then_clip_negative_output_after_recording,4.143427476882935,9.553580234146118,0.16723580500702004,11.272531808492904,10000,57.12640444278717,fork_form_locally_normalized_radiance_allocation,nan,,0.0,0.0,571264.0,47808.90778923035,0.08368968475359163,571264.0444278717,0.8565943462948459,0.18285060679606616,0.21346231282314257,372100,strict,,fine_pixel_centers_within_radius,1e-06,,,1.0,10000,1507,combined_soft
5361,7724.900157928467,5361,0.21784943472291746,1167.8908195495605,25822.03876399994,0.051067355052332654,505646.6844139099,built_form_primary,"[100, 100]",0,usa_new_york,sparse_built,normalized_proxy_mean,1e-06,0,0,0.05,constant_invalid,False,,"L_tilde = h * (k tensor l) / max(k tensor h, epsilon)",0.05,diagnostic only; lower allocated-water radiance does not select a winner,0,0,circular_mean_reference,0.9999999999999998,radius_m,500.0,10.0,literal_fork_form_reference_not_measured_viirs_psf,"[101, 101]",circular_mean,stationary_kernel_allocation,,1.0,,0,0,retain_in_numerator_then_clip_negative_output_after_recording,4.146412196922302,9.552758362007141,0.16722141810227795,11.271999875689353,10000,57.12640444278717,fork_form_locally_normalized_radiance_allocation,nan,,0.0,0.0,571264.0,47808.90778923035,0.08368968475359163,571264.0444278717,0.8560439037382042,0.1829236699238087,0.2136849184521666,372100,strict,,fine_pixel_centers_within_radius,1e-06,,,1.0,10000,1507,combined_hard_persistent_sensitivity_only
5361,0.0,5361,0.0,0.0,25448.261289596558,0.050427038493950145,504655.08286094666,built_form_primary,"[100, 100]",0,usa_new_york,sparse_built,normalized_proxy_mean,1e-06,0,0,0.05,constant_invalid,False,,"L_tilde = h * (k tensor l) / max(k tensor h, epsilon)",0.05,diagnostic only; lower allocated-water radiance does not select a winner,0,0,circular_mean_reference,0.9999999999999998,radius_m,500.0,10.0,literal_fork_form_reference_not_measured_viirs_psf,"[101, 101]",circular_mean,stationary_kernel_allocation,,1.0,,0,0,retain_in_numerator_then_clip_negative_output_after_recording,4.191594067955017,9.53845235080719,0.16697099080268693,11.261253012914768,10000,57.12640444278717,fork_form_locally_normalized_radiance_allocation,nan,,0.0,0.0,571264.0,47808.90778923035,0.08368968475359163,571264.0444278717,0.8521453200168136,0.18535386100958046,0.2175143856843402,372100,strict,,fine_pixel_centers_within_radius,1e-06,,,1.0,10000,1507,soft_with_mapped_infrastructure_override
5361,,,,,26830.806513786316,0.05310444372217762,505245.9762907028,built_form_primary,"[100, 100]",0,usa_new_york,sparse_built,normalized_proxy_mean,1e-06,0,0,0.05,constant_invalid,False,,"L_tilde = h * (k tensor l) / max(k tensor h, epsilon)",0.05,diagnostic only; lower allocated-water radiance does not select a winner,0,0,gaussian_fwhm_750m,1.0,fwhm_m,750.0,10.0,named_allocation_sensitivity_not_recovered_viirs_psf,"[257, 257]",gaussian,stationary_kernel_allocation,,1.0,,0,0,retain_in_numerator_then_clip_negative_output_after_recording,7.076072745102736,11.232262106748086,0.1955713252952035,13.419701146472626,9604,57.433072510981056,fork_form_locally_normalized_radiance_allocation,nan,,0.0,0.0,571264.0,47808.90778923035,0.08368968475359163,571264.0444278717,0.8565943462948459,0.18285060679606616,0.21346231282314257,372100,strict,318.49567510800716,,1e-06,1280.0,4.0,1.0,10000,1507,combined_soft
5361,,,,,26199.46141433716,0.05119039950529046,511804.1989812851,built_form_primary,"[100, 100]",0,usa_new_york,sparse_built,normalized_proxy_mean,1e-06,0,0,0.05,constant_invalid,False,,"L_tilde = h * (k tensor l) / max(k tensor h, epsilon)",0.05,diagnostic only; lower allocated-water radiance does not select a winner,0,0,gaussian_fwhm_1000m,1.0,fwhm_m,1000.0,10.0,named_allocation_sensitivity_not_recovered_viirs_psf,"[341, 341]",gaussian,stationary_kernel_allocation,,1.0,,0,0,retain_in_numerator_then_clip_negative_output_after_recording,,,,,0,,fork_form_locally_normalized_radiance_allocation,nan,,0.0,0.0,571264.0,47808.90778923035,0.08368968475359163,571264.0444278717,0.8565943462948459,0.18285060679606616,0.21346231282314257,372100,strict,424.66090014400953,,1e-06,1700.0,4.0,1.0,10000,1507,combined_soft
5361,,,,,24935.313804626465,0.049089893162849875,507952.0894842148,built_form_primary,"[100, 100]",0,usa_new_york,sparse_built,normalized_proxy_mean,1e-06,0,0,0.05,constant_invalid,False,,"L_tilde = h * (k tensor l) / max(k tensor h, epsilon)",0.05,diagnostic only; lower allocated-water radiance does not select a winner,0,0,gaussian_fwhm_1500m,1.0,fwhm_m,1500.0,10.0,named_allocation_sensitivity_not_recovered_viirs_psf,"[511, 511]",gaussian,stationary_kernel_allocation,,1.0,,0,0,retain_in_numerator_then_clip_negative_output_after_recording,,,,,0,,fork_form_locally_normalized_radiance_allocation,nan,,0.0,0.0,571264.0,47808.90778923035,0.08368968475359163,571264.0444278717,0.8565943462948459,0.18285060679606616,0.21346231282314257,372100,strict,636.9913502160143,,1e-06,2550.0,4.0,1.0,10000,1507,combined_soft
5361,,,,,26237.885749340057,0.04925379527694279,532707.8979763985,s2_only_ablation,"[100, 100]",0,usa_new_york,sparse_built,normalized_proxy_mean,1e-06,0,0,0.05,constant_invalid,False,,"L_tilde = h * (k tensor l) / max(k tensor h, epsilon)",0.05,diagnostic only; lower allocated-water radiance does not select a winner,0,0,circular_mean_reference,0.9999999999999998,radius_m,500.0,10.0,literal_fork_form_reference_not_measured_viirs_psf,"[101, 101]",circular_mean,stationary_kernel_allocation,,1.0,,0,0,retain_in_numerator_then_clip_negative_output_after_recording,6.285279314994812,9.897269319343566,0.17325209622208604,11.868424435675605,10000,57.12640444278717,fork_form_locally_normalized_radiance_allocation,nan,,0.0,0.0,571264.0,47808.90778923035,0.08368968475359163,571264.0444278717,1.1482939426575705,0.38764534208828466,0.33758371198489434,372100,strict,,fine_pixel_centers_within_radius,1e-06,,,1.0,10000,1507,no_water_prior
5361,22274.58231830597,5361,1.397296539595536,7490.9067487716675,14014.978909015656,0.02654398004575587,527990.8621411324,s2_only_ablation,"[100, 100]",0,usa_new_york,sparse_built,normalized_proxy_mean,1e-06,0,0,0.05,constant_invalid,False,,"L_tilde = h * (k tensor l) / max(k tensor h, epsilon)",0.05,diagnostic only; lower allocated-water radiance does not select a winner,0,0,circular_mean_reference,0.9999999999999998,radius_m,500.0,10.0,literal_fork_form_reference_not_measured_viirs_psf,"[101, 101]",circular_mean,stationary_kernel_allocation,,1.0,,0,0,retain_in_numerator_then_clip_negative_output_after_recording,6.62310002861023,9.693878377151488,0.16969172962495885,11.66627798592269,10000,57.12640444278717,fork_form_locally_normalized_radiance_allocation,nan,,0.0,0.0,571264.0,47808.90778923035,0.08368968475359163,571264.0444278717,1.1557346591285338,0.36846350478076967,0.31881324244351006,372100,strict,,fine_pixel_centers_within_radius,1e-06,,,1.0,10000,1507,persistent_only_soft
5361,23334.365163326263,5361,1.0917078765153307,5852.645925998688,14029.635805606842,0.026643588338140622,526567.0534896851,s2_only_ablation,"[100, 100]",0,usa_new_york,sparse_built,normalized_proxy_mean,1e-06,0,0,0.05,constant_invalid,False,,"L_tilde = h * (k tensor l) / max(k tensor h, epsilon)",0.05,diagnostic only; lower allocated-water radiance does not select a winner,0,0,circular_mean_reference,0.9999999999999998,radius_m,500.0,10.0,literal_fork_form_reference_not_measured_viirs_psf,"[101, 101]",circular_mean,stationary_kernel_allocation,,1.0,,0,0,retain_in_numerator_then_clip_negative_output_after_recording,6.634217966079712,9.678404319763183,0.16942085563001308,11.662136976271196,10000,57.12640444278717,fork_form_locally_normalized_radiance_allocation,nan,,0.0,0.0,571264.0,47808.90778923035,0.08368968475359163,571264.0444278717,1.1632025061304276,0.3751466287026576,0.322511877762938,372100,strict,,fine_pixel_centers_within_radius,1e-06,,,1.0,10000,1507,spectral_only_soft
5361,28817.270245552063,5361,1.0644231974867338,5706.372761726379,14322.705941677094,0.02719211701558378,526722.7238492966,s2_only_ablation,"[100, 100]",0,usa_new_york,sparse_built,normalized_proxy_mean,1e-06,0,0,0.05,constant_invalid,False,,"L_tilde = h * (k tensor l) / max(k tensor h, epsilon)",0.05,diagnostic only; lower allocated-water radiance does not select a winner,0,0,circular_mean_reference,0.9999999999999998,radius_m,500.0,10.0,literal_fork_form_reference_not_measured_viirs_psf,"[101, 101]",circular_mean,stationary_kernel_allocation,,1.0,,0,0,retain_in_numerator_then_clip_negative_output_after_recording,6.655670546722412,9.677499141311646,0.16940501044492984,11.64437832323377,10000,57.12640444278717,fork_form_locally_normalized_radiance_allocation,nan,,0.0,0.0,571264.0,47808.90778923035,0.08368968475359163,571264.0444278717,1.1562023841922673,0.3668645923512116,0.31730136819407767,372100,strict,,fine_pixel_centers_within_radius,1e-06,,,1.0,10000,1507,combined_soft
5361,24595.82180595398,5361,1.3734883922312915,7363.271270751953,14109.392637252808,0.026714368858783068,528157.4388613701,s2_only_ablation,"[100, 100]",0,usa_new_york,sparse_built,normalized_proxy_mean,1e-06,0,0,0.05,constant_invalid,False,,"L_tilde = h * (k tensor l) / max(k tensor h, epsilon)",0.05,diagnostic only; lower allocated-water radiance does not select a winner,0,0,circular_mean_reference,0.9999999999999998,radius_m,500.0,10.0,literal_fork_form_reference_not_measured_viirs_psf,"[101, 101]",circular_mean,stationary_kernel_allocation,,1.0,,0,0,retain_in_numerator_then_clip_negative_output_after_recording,6.662443812561035,9.691275952148438,0.16964617407094779,11.663216224978827,10000,57.12640444278717,fork_form_locally_normalized_radiance_allocation,nan,,0.0,0.0,571264.0,47808.90778923035,0.08368968475359163,571264.0444278717,1.1598809819625482,0.3716481275925775,0.3204192069229485,372100,strict,,fine_pixel_centers_within_radius,1e-06,,,1.0,10000,1507,combined_hard_persistent_sensitivity_only
5361,28122.88690519333,5361,1.065414956424957,5711.689581394196,14313.596514225006,0.027183149117402806,526561.3800816536,s2_only_ablation,"[100, 100]",0,usa_new_york,sparse_built,normalized_proxy_mean,1e-06,0,0,0.05,constant_invalid,False,,"L_tilde = h * (k tensor l) / max(k tensor h, epsilon)",0.05,diagnostic only; lower allocated-water radiance does not select a winner,0,0,circular_mean_reference,0.9999999999999998,radius_m,500.0,10.0,literal_fork_form_reference_not_measured_viirs_psf,"[101, 101]",circular_mean,stationary_kernel_allocation,,1.0,,0,0,retain_in_numerator_then_clip_negative_output_after_recording,6.65696713848114,9.675630948066711,0.16937230764728034,11.64109558300343,10000,57.12640444278717,fork_form_locally_normalized_radiance_allocation,nan,,0.0,0.0,571264.0,47808.90778923035,0.08368968475359163,571264.0444278717,1.1538764897180689,0.367314832315792,0.3183311601297592,372100,strict,,fine_pixel_centers_within_radius,1e-06,,,1.0,10000,1507,soft_with_mapped_infrastructure_override
5361,,,,,13934.842215538025,0.026805404186465258,519851.9715876579,s2_only_ablation,"[100, 100]",0,usa_new_york,sparse_built,normalized_proxy_mean,1e-06,0,0,0.05,constant_invalid,False,,"L_tilde = h * (k tensor l) / max(k tensor h, epsilon)",0.05,diagnostic only; lower allocated-water radiance does not select a winner,0,0,gaussian_fwhm_750m,1.0,fwhm_m,750.0,10.0,named_allocation_sensitivity_not_recovered_viirs_psf,"[257, 257]",gaussian,stationary_kernel_allocation,,1.0,,0,0,retain_in_numerator_then_clip_negative_output_after_recording,9.40130969456264,11.825383508468558,0.2058985004886788,14.19644288732282,9604,57.433072510981056,fork_form_locally_normalized_radiance_allocation,nan,,0.0,0.0,571264.0,47808.90778923035,0.08368968475359163,571264.0444278717,1.1562023841922673,0.3668645923512116,0.31730136819407767,372100,strict,318.49567510800716,,1e-06,1280.0,4.0,1.0,10000,1507,combined_soft
5361,,,,,12748.206631660461,0.025273382698739803,504412.36076784134,s2_only_ablation,"[100, 100]",0,usa_new_york,sparse_built,normalized_proxy_mean,1e-06,0,0,0.05,constant_invalid,False,,"L_tilde = h * (k tensor l) / max(k tensor h, epsilon)",0.05,diagnostic only; lower allocated-water radiance does not select a winner,0,0,gaussian_fwhm_1000m,1.0,fwhm_m,1000.0,10.0,named_allocation_sensitivity_not_recovered_viirs_psf,"[341, 341]",gaussian,stationary_kernel_allocation,,1.0,,0,0,retain_in_numerator_then_clip_negative_output_after_recording,,,,,0,,fork_form_locally_normalized_radiance_allocation,nan,,0.0,0.0,571264.0,47808.90778923035,0.08368968475359163,571264.0444278717,1.1562023841922673,0.3668645923512116,0.31730136819407767,372100,strict,424.66090014400953,,1e-06,1700.0,4.0,1.0,10000,1507,combined_soft
5361,,,,,11088.775153160095,0.023795509539797158,466002.84539461136,s2_only_ablation,"[100, 100]",0,usa_new_york,sparse_built,normalized_proxy_mean,1e-06,0,0,0.05,constant_invalid,False,,"L_tilde = h * (k tensor l) / max(k tensor h, epsilon)",0.05,diagnostic only; lower allocated-water radiance does not select a winner,0,0,gaussian_fwhm_1500m,1.0,fwhm_m,1500.0,10.0,named_allocation_sensitivity_not_recovered_viirs_psf,"[511, 511]",gaussian,stationary_kernel_allocation,,1.0,,0,0,retain_in_numerator_then_clip_negative_output_after_recording,,,,,0,,fork_form_locally_normalized_radiance_allocation,nan,,0.0,0.0,571264.0,47808.90778923035,0.08368968475359163,571264.0444278717,1.1562023841922673,0.3668645923512116,0.31730136819407767,372100,strict,636.9913502160143,,1e-06,2550.0,4.0,1.0,10000,1507,combined_soft
5361,,,,,24145.81560230255,0.05082452839073568,475081.9410791397,built_form_primary,"[100, 100]",0,usa_new_york,sparse_built,normalized_proxy_mean,1e-06,0,0,0.05,constant_invalid,False,,"L_tilde = h * (k tensor l) / max(k tensor h, epsilon)",0.05,diagnostic only; lower allocated-water radiance does not select a winner,0,0,circular_mean_reference,0.9999999999999998,radius_m,500.0,10.0,literal_fork_form_reference_not_measured_viirs_psf,"[101, 101]",circular_mean,stationary_kernel_allocation,,1.0,,0,0,retain_in_numerator_then_clip_negative_output_after_recording,3.6556815937042235,8.100334340286254,0.15117128241995198,9.969104228395704,10000,53.583817049217224,fork_form_locally_normalized_radiance_allocation,nan,,0.0,0.0,535838.125,46679.2727432251,0.08711449708845818,535838.1704921722,0.8565943462948459,0.18285060679606616,0.21346231282314257,372100,broad_sensitivity,,fine_pixel_centers_within_radius,1e-06,,,1.0,10000,1507,combined_soft
5361,,,,,41310.973958969116,0.07353236718713156,561806.6647281647,built_form_primary,"[100, 100]",,usa_new_york,sparse_built,,,,,,,False,100.0,,,diagnostic only; lower allocated-water radiance does not select a winner,,,native_vnp_footprint,,,,,actual_projected_source_cell_polygon_area_overlap_major_sensitivity,,native_vnp_footprint,native_footprint_allocation,1.0,,12,,,,0.2282556239515543,0.30080652547379333,0.00587701319919051,0.3632728796304682,12,51.18357153174778,native_vnp_footprint_area_overlap_sensitivity,,20608,,,,47808.90778923035,0.08368968475359163,571264.0444278717,0.8565943462948459,0.18285060679606616,0.21346231282314257,372100,strict,,,1e-06,,,1.0,10000,1507,combined_soft
5361,,,,,18983.873301029205,0.03303604622798427,574641.2016141415,s2_only_ablation,"[100, 100]",,usa_new_york,sparse_built,,,,,,,False,100.0,,,diagnostic only; lower allocated-water radiance does not select a winner,,,native_vnp_footprint,,,,,actual_projected_source_cell_polygon_area_overlap_major_sensitivity,,native_vnp_footprint,native_footprint_allocation,1.0,,12,,,,0.19987822752833986,0.27223972174882266,0.005318888632589234,0.3411054757537643,12,51.18357246301215,native_vnp_footprint_area_overlap_sensitivity,,20608,,,,47808.90778923035,0.08368968475359163,571264.0444278717,1.1562023841922673,0.3668645923512116,0.31730136819407767,372100,strict,,,1e-06,,,1.0,10000,1507,combined_soft
5743,,,,,307879.9279823303,0.2746712012357285,1120903.5625038147,uniform_normalized_convolution,"[100, 100]",0,usa_new_york,water_adjacent_infrastructure,normalized_proxy_mean,1e-06,0,0,0.05,constant_invalid,False,,"L_tilde = h * (k tensor l) / max(k tensor h, epsilon)",0.05,diagnostic only; lower allocated-water radiance does not select a winner,0,0,circular_mean_reference,0.9999999999999998,radius_m,500.0,10.0,literal_fork_form_reference_not_measured_viirs_psf,"[101, 101]",circular_mean,uniform_baseline,,1.0,,0,0,retain_in_numerator_then_clip_negative_output_after_recording,11.44664677772522,32.06049573783874,0.270309234916282,37.51575216627915,10000,118.60673479309082,fork_form_locally_normalized_radiance_allocation,nan,,0.0,0.0,1186067.375,259466.5333328247,0.2187620574712418,1186067.3479309082,1.0,1.0,1.0,372100,strict,,fine_pixel_centers_within_radius,1e-06,,,1.0,10000,4049,not_applicable
5743,,,,,118896.52509689331,0.10715073785457849,1109619.2847337723,built_form_primary,"[100, 100]",0,usa_new_york,water_adjacent_infrastructure,normalized_proxy_mean,1e-06,0,0,0.05,constant_invalid,False,,"L_tilde = h * (k tensor l) / max(k tensor h, epsilon)",0.05,diagnostic only; lower allocated-water radiance does not select a winner,0,0,circular_mean_reference,0.9999999999999998,radius_m,500.0,10.0,literal_fork_form_reference_not_measured_viirs_psf,"[101, 101]",circular_mean,stationary_kernel_allocation,,1.0,,0,0,retain_in_numerator_then_clip_negative_output_after_recording,15.064334016036987,28.400253388977053,0.2394489102032969,34.64995594776136,10000,118.60673479309082,fork_form_locally_normalized_radiance_allocation,nan,,0.0,0.0,1186067.375,259466.5333328247,0.2187620574712418,1186067.3479309082,1.6069729551065035,0.34953972433877667,0.2175143856843402,372100,strict,,fine_pixel_centers_within_radius,1e-06,,,1.0,10000,4049,no_water_prior
5743,35574.71977329254,5743,-0.2522217371769738,-1448.5094366073608,111124.15309906006,0.10098358165944549,1100418.0211572647,built_form_primary,"[100, 100]",0,usa_new_york,water_adjacent_infrastructure,normalized_proxy_mean,1e-06,0,0,0.05,constant_invalid,False,,"L_tilde = h * (k tensor l) / max(k tensor h, epsilon)",0.05,diagnostic only; lower allocated-water radiance does not select a winner,0,0,circular_mean_reference,0.9999999999999998,radius_m,500.0,10.0,literal_fork_form_reference_not_measured_viirs_psf,"[101, 101]",circular_mean,stationary_kernel_allocation,,1.0,,0,0,retain_in_numerator_then_clip_negative_output_after_recording,16.193300837135315,28.354773177909852,0.2390654563366464,34.951411185123035,10000,118.60673479309082,fork_form_locally_normalized_radiance_allocation,nan,,0.0,0.0,1186067.375,259466.5333328247,0.2187620574712418,1186067.3479309082,1.5897597776718981,0.34521437320923315,0.21714875975244102,372100,strict,,fine_pixel_centers_within_radius,1e-06,,,1.0,10000,4049,persistent_only_soft
5743,94175.86684322357,5743,-0.2110719860129379,-1212.1864156723022,115390.45946121216,0.10444452938823455,1104801.3729114532,built_form_primary,"[100, 100]",0,usa_new_york,water_adjacent_infrastructure,normalized_proxy_mean,1e-06,0,0,0.05,constant_invalid,False,,"L_tilde = h * (k tensor l) / max(k tensor h, epsilon)",0.05,diagnostic only; lower allocated-water radiance does not select a winner,0,0,circular_mean_reference,0.9999999999999998,radius_m,500.0,10.0,literal_fork_form_reference_not_measured_viirs_psf,"[101, 101]",circular_mean,stationary_kernel_allocation,,1.0,,0,0,retain_in_numerator_then_clip_negative_output_after_recording,15.200301193618774,28.34354554634094,0.23897079365506682,34.70567076649203,10000,118.60673479309082,fork_form_locally_normalized_radiance_allocation,nan,,0.0,0.0,1186067.375,259466.5333328247,0.2187620574712418,1186067.3479309082,1.5421741219897307,0.32964857582976,0.2137557473567002,372100,strict,,fine_pixel_centers_within_radius,1e-06,,,1.0,10000,4049,spectral_only_soft
5743,119052.65060329437,5743,-1.0611536574658462,-6094.205454826355,115083.77445793152,0.10465665340169229,1099631.7072763443,built_form_primary,"[100, 100]",0,usa_new_york,water_adjacent_infrastructure,normalized_proxy_mean,1e-06,0,0,0.05,constant_invalid,False,,"L_tilde = h * (k tensor l) / max(k tensor h, epsilon)",0.05,diagnostic only; lower allocated-water radiance does not select a winner,0,0,circular_mean_reference,0.9999999999999998,radius_m,500.0,10.0,literal_fork_form_reference_not_measured_viirs_psf,"[101, 101]",circular_mean,stationary_kernel_allocation,,1.0,,0,0,retain_in_numerator_then_clip_negative_output_after_recording,15.84359794921875,28.259835219192507,0.23826501309973439,34.86507962490588,10000,118.60673479309082,fork_form_locally_normalized_radiance_allocation,nan,,0.0,0.0,1186067.375,259466.5333328247,0.2187620574712418,1186067.3479309082,1.5284500698468533,0.32626648070609554,0.21346231282314257,372100,strict,,fine_pixel_centers_within_radius,1e-06,,,1.0,10000,4049,combined_soft
5743,96485.57597637177,5743,0.40579469980687893,2330.4789609909058,109939.84187984467,0.09968310610558677,1102893.4207105637,built_form_primary,"[100, 100]",0,usa_new_york,water_adjacent_infrastructure,normalized_proxy_mean,1e-06,0,0,0.05,constant_invalid,False,,"L_tilde = h * (k tensor l) / max(k tensor h, epsilon)",0.05,diagnostic only; lower allocated-water radiance does not select a winner,0,0,circular_mean_reference,0.9999999999999998,radius_m,500.0,10.0,literal_fork_form_reference_not_measured_viirs_psf,"[101, 101]",circular_mean,stationary_kernel_allocation,,1.0,,0,0,retain_in_numerator_then_clip_negative_output_after_recording,15.424925493049622,28.359188059043884,0.23910267919032105,34.802183524569536,10000,118.60673479309082,fork_form_locally_normalized_radiance_allocation,nan,,0.0,0.0,1186067.375,259466.5333328247,0.2187620574712418,1186067.3479309082,1.5387529972360616,0.32880830560174884,0.2136849184521666,372100,strict,,fine_pixel_centers_within_radius,1e-06,,,1.0,10000,4049,combined_hard_persistent_sensitivity_only
5743,0.0,5743,0.0,0.0,118896.52509689331,0.10715073785457849,1109619.2847337723,built_form_primary,"[100, 100]",0,usa_new_york,water_adjacent_infrastructure,normalized_proxy_mean,1e-06,0,0,0.05,constant_invalid,False,,"L_tilde = h * (k tensor l) / max(k tensor h, epsilon)",0.05,diagnostic only; lower allocated-water radiance does not select a winner,0,0,circular_mean_reference,0.9999999999999998,radius_m,500.0,10.0,literal_fork_form_reference_not_measured_viirs_psf,"[101, 101]",circular_mean,stationary_kernel_allocation,,1.0,,0,0,retain_in_numerator_then_clip_negative_output_after_recording,15.064334016036987,28.400253388977053,0.2394489102032969,34.64995594776136,10000,118.60673479309082,fork_form_locally_normalized_radiance_allocation,nan,,0.0,0.0,1186067.375,259466.5333328247,0.2187620574712418,1186067.3479309082,1.6069729551065035,0.34953972433877667,0.2175143856843402,372100,strict,,fine_pixel_centers_within_radius,1e-06,,,1.0,10000,4049,soft_with_mapped_infrastructure_override
5743,,,,,100782.72430038452,0.09536615446518705,1056797.61195755,built_form_primary,"[100, 100]",0,usa_new_york,water_adjacent_infrastructure,normalized_proxy_mean,1e-06,0,0,0.05,constant_invalid,False,,"L_tilde = h * (k tensor l) / max(k tensor h, epsilon)",0.05,diagnostic only; lower allocated-water radiance does not select a winner,0,0,gaussian_fwhm_750m,1.0,fwhm_m,750.0,10.0,named_allocation_sensitivity_not_recovered_viirs_psf,"[257, 257]",gaussian,stationary_kernel_allocation,,1.0,,0,0,retain_in_numerator_then_clip_negative_output_after_recording,,,,,0,,fork_form_locally_normalized_radiance_allocation,nan,,0.0,0.0,1186067.375,259466.5333328247,0.2187620574712418,1186067.3479309082,1.5284500698468533,0.32626648070609554,0.21346231282314257,372100,strict,318.49567510800716,,1e-06,1280.0,4.0,1.0,10000,4049,combined_soft
4718,,,,,70088.12958240509,0.08583166403573014,816576.6138849258,built_form_primary,"[100, 100]",0,usa_new_york,water_adjacent_infrastructure,normalized_proxy_mean,1e-06,0,0,0.05,constant_invalid,False,,"L_tilde = h * (k tensor l) / max(k tensor h, epsilon)",0.05,diagnostic only; lower allocated-water radiance does not select a winner,0,1888,gaussian_fwhm_1000m,1.0,fwhm_m,1000.0,10.0,named_allocation_sensitivity_not_recovered_viirs_psf,"[341, 341]",gaussian,stationary_kernel_allocation,,1.0,,0,0,retain_in_numerator_then_clip_negative_output_after_recording,,,,,0,,fork_form_locally_normalized_radiance_allocation,nan,,0.0,0.0,1186067.375,259466.5333328247,0.2187620574712418,1186067.3479309082,1.5284500698468533,0.32626648070609554,0.21346231282314257,372100,strict,424.66090014400953,,1e-06,1700.0,4.0,0.8076,8076,3243,combined_soft
0,,,,,0.0,,0.0,built_form_primary,"[100, 100]",0,usa_new_york,water_adjacent_infrastructure,normalized_proxy_mean,1e-06,0,0,0.05,constant_invalid,False,,"L_tilde = h * (k tensor l) / max(k tensor h, epsilon)",0.05,diagnostic only; lower allocated-water radiance does not select a winner,0,10000,gaussian_fwhm_1500m,1.0,fwhm_m,1500.0,10.0,named_allocation_sensitivity_not_recovered_viirs_psf,"[511, 511]",gaussian,stationary_kernel_allocation,,1.0,,0,0,retain_in_numerator_then_clip_negative_output_after_recording,,,,,0,,fork_form_locally_normalized_radiance_allocation,nan,,0.0,0.0,1186067.375,259466.5333328247,0.2187620574712418,1186067.3479309082,1.5284500698468533,0.32626648070609554,0.21346231282314257,372100,strict,636.9913502160143,,1e-06,2550.0,4.0,0.0,0,0,combined_soft
5743,,,,,153120.916431427,0.14354284942319104,1066726.1869659424,s2_only_ablation,"[100, 100]",0,usa_new_york,water_adjacent_infrastructure,normalized_proxy_mean,1e-06,0,0,0.05,constant_invalid,False,,"L_tilde = h * (k tensor l) / max(k tensor h, epsilon)",0.05,diagnostic only; lower allocated-water radiance does not select a winner,0,0,circular_mean_reference,0.9999999999999998,radius_m,500.0,10.0,literal_fork_form_reference_not_measured_viirs_psf,"[101, 101]",circular_mean,stationary_kernel_allocation,,1.0,,0,0,retain_in_numerator_then_clip_negative_output_after_recording,12.545940004348754,28.48979583091736,0.24020386262734356,34.52687482863187,10000,118.60673479309082,fork_form_locally_normalized_radiance_allocation,nan,,0.0,0.0,1186067.375,259466.5333328247,0.2187620574712418,1186067.3479309082,1.1239318081212302,0.3794210833178041,0.33758371198489434,372092,strict,,fine_pixel_centers_within_radius,1e-06,,,1.0,10000,4049,no_water_prior
5743,80372.02392864227,5743,5.438830072448454,31235.201106071472,112802.08689117432,0.10665041066061805,1057680.7552118301,s2_only_ablation,"[100, 100]",0,usa_new_york,water_adjacent_infrastructure,normalized_proxy_mean,1e-06,0,0,0.05,constant_invalid,False,,"L_tilde = h * (k tensor l) / max(k tensor h, epsilon)",0.05,diagnostic only; lower allocated-water radiance does not select a winner,0,0,circular_mean_reference,0.9999999999999998,radius_m,500.0,10.0,literal_fork_form_reference_not_measured_viirs_psf,"[101, 101]",circular_mean,stationary_kernel_allocation,,1.0,,0,0,retain_in_numerator_then_clip_negative_output_after_recording,15.68279688243866,27.73958509540558,0.23387866754613237,34.902729696296674,10000,118.60673479309082,fork_form_locally_normalized_radiance_allocation,nan,,0.0,0.0,1186067.375,259466.5333328247,0.2187620574712418,1186067.3479309082,1.1425205533244684,0.36425067257815025,0.31881324244351006,372092,strict,,fine_pixel_centers_within_radius,1e-06,,,1.0,10000,4049,persistent_only_soft
5743,47432.24780845642,5743,2.655760585234262,15252.033041000366,131075.94401836395,0.12364483432865979,1060100.4460077286,s2_only_ablation,"[100, 100]",0,usa_new_york,water_adjacent_infrastructure,normalized_proxy_mean,1e-06,0,0,0.05,constant_invalid,False,,"L_tilde = h * (k tensor l) / max(k tensor h, epsilon)",0.05,diagnostic only; lower allocated-water radiance does not select a winner,0,0,circular_mean_reference,0.9999999999999998,radius_m,500.0,10.0,literal_fork_form_reference_not_measured_viirs_psf,"[101, 101]",circular_mean,stationary_kernel_allocation,,1.0,,0,0,retain_in_numerator_then_clip_negative_output_after_recording,13.932914720535278,28.218783520889282,0.23791889701808996,34.72672111265433,10000,118.60673479309082,fork_form_locally_normalized_radiance_allocation,nan,,0.0,0.0,1186067.375,259466.5333328247,0.2187620574712418,1186067.3479309082,1.14809927242723,0.3702756555213896,0.322511877762938,372092,strict,,fine_pixel_centers_within_radius,1e-06,,,1.0,10000,4049,spectral_only_soft
5743,95505.93076229095,5743,5.037007067482915,28927.531588554382,115222.04233551025,0.10890990084949749,1057957.4624233246,s2_only_ablation,"[100, 100]",0,usa_new_york,water_adjacent_infrastructure,normalized_proxy_mean,1e-06,0,0,0.05,constant_invalid,False,,"L_tilde = h * (k tensor l) / max(k tensor h, epsilon)",0.05,diagnostic only; lower allocated-water radiance does not select a winner,0,0,circular_mean_reference,0.9999999999999998,radius_m,500.0,10.0,literal_fork_form_reference_not_measured_viirs_psf,"[101, 101]",circular_mean,stationary_kernel_allocation,,1.0,,0,0,retain_in_numerator_then_clip_negative_output_after_recording,15.815069997406006,27.72733470687866,0.23377538177110208,34.938330546686316,10000,118.60673479309082,fork_form_locally_normalized_radiance_allocation,nan,,0.0,0.0,1186067.375,259466.5333328247,0.2187620574712418,1186067.3479309082,1.135564429685133,0.3603161420592257,0.31730136819407767,372092,strict,,fine_pixel_centers_within_radius,1e-06,,,1.0,10000,4049,combined_soft
5743,62888.3390455246,5743,5.895063055364924,33855.347126960754,105531.96526622772,0.10020508491637249,1053159.7808065414,s2_only_ablation,"[100, 100]",0,usa_new_york,water_adjacent_infrastructure,normalized_proxy_mean,1e-06,0,0,0.05,constant_invalid,False,,"L_tilde = h * (k tensor l) / max(k tensor h, epsilon)",0.05,diagnostic only; lower allocated-water radiance does not select a winner,0,0,circular_mean_reference,0.9999999999999998,radius_m,500.0,10.0,literal_fork_form_reference_not_measured_viirs_psf,"[101, 101]",circular_mean,stationary_kernel_allocation,,1.0,,0,0,retain_in_numerator_then_clip_negative_output_after_recording,15.028053547859193,28.027519805717468,0.23630630971008024,34.944293998919264,10000,118.60673479309082,fork_form_locally_normalized_radiance_allocation,nan,,0.0,0.0,1186067.375,259466.5333328247,0.2187620574712418,1186067.3479309082,1.141654806902221,0.3658081121128725,0.3204192069229485,372092,strict,,fine_pixel_centers_within_radius,1e-06,,,1.0,10000,4049,combined_hard_persistent_sensitivity_only
5743,65058.93372344971,5743,4.453360207670764,25575.6476726532,125093.67717933655,0.11753692824771148,1064292.5508117676,s2_only_ablation,"[100, 100]",0,usa_new_york,water_adjacent_infrastructure,normalized_proxy_mean,1e-06,0,0,0.05,constant_invalid,False,,"L_tilde = h * (k tensor l) / max(k tensor h, epsilon)",0.05,diagnostic only; lower allocated-water radiance does not select a winner,0,0,circular_mean_reference,0.9999999999999998,radius_m,500.0,10.0,literal_fork_form_reference_not_measured_viirs_psf,"[101, 101]",circular_mean,stationary_kernel_allocation,,1.0,,0,0,retain_in_numerator_then_clip_negative_output_after_recording,14.804246753692627,27.832822994232178,0.23466477719656031,34.62938571300982,10000,118.60673479309082,fork_form_locally_normalized_radiance_allocation,nan,,0.0,0.0,1186067.375,259466.5333328247,0.2187620574712418,1186067.3479309082,1.1507940403327381,0.36633359328590404,0.3183311601297592,372092,strict,,fine_pixel_centers_within_radius,1e-06,,,1.0,10000,4049,soft_with_mapped_infrastructure_override
5743,,,,,102664.26339530945,0.100288564341198,1023688.6335916519,s2_only_ablation,"[100, 100]",0,usa_new_york,water_adjacent_infrastructure,normalized_proxy_mean,1e-06,0,0,0.05,constant_invalid,False,,"L_tilde = h * (k tensor l) / max(k tensor h, epsilon)",0.05,diagnostic only; lower allocated-water radiance does not select a winner,0,0,gaussian_fwhm_750m,1.0,fwhm_m,750.0,10.0,named_allocation_sensitivity_not_recovered_viirs_psf,"[257, 257]",gaussian,stationary_kernel_allocation,,1.0,,0,0,retain_in_numerator_then_clip_negative_output_after_recording,,,,,0,,fork_form_locally_normalized_radiance_allocation,nan,,0.0,0.0,1186067.375,259466.5333328247,0.2187620574712418,1186067.3479309082,1.135564429685133,0.3603161420592257,0.31730136819407767,372092,strict,318.49567510800716,,1e-06,1280.0,4.0,1.0,10000,4049,combined_soft
4718,,,,,71524.57651138306,0.08963878795365782,797919.9422950745,s2_only_ablation,"[100, 100]",0,usa_new_york,water_adjacent_infrastructure,normalized_proxy_mean,1e-06,0,0,0.05,constant_invalid,False,,"L_tilde = h * (k tensor l) / max(k tensor h, epsilon)",0.05,diagnostic only; lower allocated-water radiance does not select a winner,0,1888,gaussian_fwhm_1000m,1.0,fwhm_m,1000.0,10.0,named_allocation_sensitivity_not_recovered_viirs_psf,"[341, 341]",gaussian,stationary_kernel_allocation,,1.0,,0,0,retain_in_numerator_then_clip_negative_output_after_recording,,,,,0,,fork_form_locally_normalized_radiance_allocation,nan,,0.0,0.0,1186067.375,259466.5333328247,0.2187620574712418,1186067.3479309082,1.135564429685133,0.3603161420592257,0.31730136819407767,372092,strict,424.66090014400953,,1e-06,1700.0,4.0,0.8076,8076,3243,combined_soft
0,,,,,0.0,,0.0,s2_only_ablation,"[100, 100]",0,usa_new_york,water_adjacent_infrastructure,normalized_proxy_mean,1e-06,0,0,0.05,constant_invalid,False,,"L_tilde = h * (k tensor l) / max(k tensor h, epsilon)",0.05,diagnostic only; lower allocated-water radiance does not select a winner,0,10000,gaussian_fwhm_1500m,1.0,fwhm_m,1500.0,10.0,named_allocation_sensitivity_not_recovered_viirs_psf,"[511, 511]",gaussian,stationary_kernel_allocation,,1.0,,0,0,retain_in_numerator_then_clip_negative_output_after_recording,,,,,0,,fork_form_locally_normalized_radiance_allocation,nan,,0.0,0.0,1186067.375,259466.5333328247,0.2187620574712418,1186067.3479309082,1.135564429685133,0.3603161420592257,0.31730136819407767,372092,strict,636.9913502160143,,1e-06,2550.0,4.0,0.0,0,0,combined_soft
5743,,,,,109792.01886844635,0.10149462191084724,1081752.0850009918,built_form_primary,"[100, 100]",0,usa_new_york,water_adjacent_infrastructure,normalized_proxy_mean,1e-06,0,0,0.05,constant_invalid,False,,"L_tilde = h * (k tensor l) / max(k tensor h, epsilon)",0.05,diagnostic only; lower allocated-water radiance does not select a winner,0,0,circular_mean_reference,0.9999999999999998,radius_m,500.0,10.0,literal_fork_form_reference_not_measured_viirs_psf,"[101, 101]",circular_mean,stationary_kernel_allocation,,1.0,,0,0,retain_in_numerator_then_clip_negative_output_after_recording,14.34305652923584,28.254817107391357,0.24444628819051012,34.91129906916048,10000,115.58701634025574,fork_form_locally_normalized_radiance_allocation,nan,,0.0,0.0,1155870.25,238231.89309310913,0.20610610139102586,1155870.1634025574,1.5284500698468533,0.32626648070609554,0.21346231282314257,372100,broad_sensitivity,,fine_pixel_centers_within_radius,1e-06,,,1.0,10000,4049,combined_soft
5743,,,,,144781.75171089172,0.11942474443122228,1212326.2427768707,built_form_primary,"[100, 100]",,usa_new_york,water_adjacent_infrastructure,,,,,,,False,100.0,,,diagnostic only; lower allocated-water radiance does not select a winner,,,native_vnp_footprint,,,,,actual_projected_source_cell_polygon_area_overlap_major_sensitivity,,native_vnp_footprint,native_footprint_allocation,1.0,,12,,,,0.43118178968628246,0.48875664298733074,0.004867956014468741,0.7076227055389752,12,100.40284701312582,native_vnp_footprint_area_overlap_sensitivity,,20520,,,,259466.5333328247,0.2187620574712418,1186067.3479309082,1.5284500698468533,0.32626648070609554,0.21346231282314257,372100,strict,,,1e-06,,,1.0,10000,4049,combined_soft
5743,,,,,153791.47775268555,0.1302545366235535,1180699.5882005692,s2_only_ablation,"[100, 100]",,usa_new_york,water_adjacent_infrastructure,,,,,,,False,100.0,,,diagnostic only; lower allocated-water radiance does not select a winner,,,native_vnp_footprint,,,,,actual_projected_source_cell_polygon_area_overlap_major_sensitivity,,native_vnp_footprint,native_footprint_allocation,1.0,,12,,,,0.43338759313337505,0.47906322955774766,0.004771410834457671,0.5984638442286804,12,100.4028464910419,native_vnp_footprint_area_overlap_sensitivity,,20520,,,,259466.5333328247,0.2187620574712418,1186067.3479309082,1.135564429685133,0.3603161420592257,0.31730136819407767,372092,strict,,,1e-06,,,1.0,10000,4049,combined_soft
0,,,,,0.0,0.0,622070.2194442749,uniform_normalized_convolution,"[100, 100]",0,india_delhi,dense_building,normalized_proxy_mean,1e-06,0,0,0.05,constant_invalid,False,,"L_tilde = h * (k tensor l) / max(k tensor h, epsilon)",0.05,diagnostic only; lower allocated-water radiance does not select a winner,0,0,circular_mean_reference,0.9999999999999998,radius_m,500.0,10.0,literal_fork_form_reference_not_measured_viirs_psf,"[101, 101]",circular_mean,uniform_baseline,,1.0,,0,0,retain_in_numerator_then_clip_negative_output_after_recording,-0.9649885223388672,3.5583670722961425,0.05768691731413755,4.220196200194481,10000,61.68412593307495,fork_form_locally_normalized_radiance_allocation,nan,,0.0,0.0,616841.3125,0.0,0.0,616841.2593307495,1.0,1.0,1.0,372100,strict,,fine_pixel_centers_within_radius,1e-06,,,1.0,10000,0,not_applicable
0,,,,,0.0,0.0,669776.3377375603,built_form_primary,"[100, 100]",0,india_delhi,dense_building,normalized_proxy_mean,1e-06,0,0,0.05,constant_invalid,False,,"L_tilde = h * (k tensor l) / max(k tensor h, epsilon)",0.05,diagnostic only; lower allocated-water radiance does not select a winner,0,0,circular_mean_reference,0.9999999999999998,radius_m,500.0,10.0,literal_fork_form_reference_not_measured_viirs_psf,"[101, 101]",circular_mean,stationary_kernel_allocation,,1.0,,0,0,retain_in_numerator_then_clip_negative_output_after_recording,-3.6776389308929445,4.962989130783081,0.08045812525847808,6.590058480113195,10000,61.68412593307495,fork_form_locally_normalized_radiance_allocation,nan,,0.0,0.0,616841.3125,0.0,0.0,616841.2593307495,1.4406098022218419,0.2960911330538363,0.20553180738301774,372100,strict,,fine_pixel_centers_within_radius,1e-06,,,1.0,10000,0,no_water_prior
0,,0,,,0.0,0.0,669776.5975518227,built_form_primary,"[100, 100]",0,india_delhi,dense_building,normalized_proxy_mean,1e-06,0,0,0.05,constant_invalid,False,,"L_tilde = h * (k tensor l) / max(k tensor h, epsilon)",0.05,diagnostic only; lower allocated-water radiance does not select a winner,0,0,circular_mean_reference,0.9999999999999998,radius_m,500.0,10.0,literal_fork_form_reference_not_measured_viirs_psf,"[101, 101]",circular_mean,stationary_kernel_allocation,,1.0,,0,0,retain_in_numerator_then_clip_negative_output_after_recording,-3.6776437934875488,4.962983798217773,0.08045803880892194,6.590055053492198,10000,61.68412593307495,fork_form_locally_normalized_radiance_allocation,nan,,0.0,0.0,616841.3125,0.0,0.0,616841.2593307495,1.4407106486087011,0.2960815022487441,0.2055107305317084,372100,strict,,fine_pixel_centers_within_radius,1e-06,,,1.0,10000,0,persistent_only_soft
0,,0,,,0.0,0.0,669846.3275156021,built_form_primary,"[100, 100]",0,india_delhi,dense_building,normalized_proxy_mean,1e-06,0,0,0.05,constant_invalid,False,,"L_tilde = h * (k tensor l) / max(k tensor h, epsilon)",0.05,diagnostic only; lower allocated-water radiance does not select a winner,0,0,circular_mean_reference,0.9999999999999998,radius_m,500.0,10.0,literal_fork_form_reference_not_measured_viirs_psf,"[101, 101]",circular_mean,stationary_kernel_allocation,,1.0,,0,0,retain_in_numerator_then_clip_negative_output_after_recording,-3.6618025352478027,4.9509242782592775,0.08026253437765904,6.577519696102492,10000,61.68412593307495,fork_form_locally_normalized_radiance_allocation,nan,,0.0,0.0,616841.3125,0.0,0.0,616841.2593307495,1.439547799421603,0.2956792848062364,0.20539733835104776,372100,strict,,fine_pixel_centers_within_radius,1e-06,,,1.0,10000,0,spectral_only_soft
0,,0,,,0.0,0.0,669846.5970273018,built_form_primary,"[100, 100]",0,india_delhi,dense_building,normalized_proxy_mean,1e-06,0,0,0.05,constant_invalid,False,,"L_tilde = h * (k tensor l) / max(k tensor h, epsilon)",0.05,diagnostic only; lower allocated-water radiance does not select a winner,0,0,circular_mean_reference,0.9999999999999998,radius_m,500.0,10.0,literal_fork_form_reference_not_measured_viirs_psf,"[101, 101]",circular_mean,stationary_kernel_allocation,,1.0,,0,0,retain_in_numerator_then_clip_negative_output_after_recording,-3.6618089111328125,4.950919146728515,0.08026245118719982,6.577516574397251,10000,61.68412593307495,fork_form_locally_normalized_radiance_allocation,nan,,0.0,0.0,616841.3125,0.0,0.0,616841.2593307495,1.4396469016243008,0.2956696708901147,0.20537652313260124,372100,strict,,fine_pixel_centers_within_radius,1e-06,,,1.0,10000,0,combined_soft
0,,0,,,0.0,0.0,669846.3275156021,built_form_primary,"[100, 100]",0,india_delhi,dense_building,normalized_proxy_mean,1e-06,0,0,0.05,constant_invalid,False,,"L_tilde = h * (k tensor l) / max(k tensor h, epsilon)",0.05,diagnostic only; lower allocated-water radiance does not select a winner,0,0,circular_mean_reference,0.9999999999999998,radius_m,500.0,10.0,literal_fork_form_reference_not_measured_viirs_psf,"[101, 101]",circular_mean,stationary_kernel_allocation,,1.0,,0,0,retain_in_numerator_then_clip_negative_output_after_recording,-3.6618025352478027,4.9509242782592775,0.08026253437765904,6.577519696102492,10000,61.68412593307495,fork_form_locally_normalized_radiance_allocation,nan,,0.0,0.0,616841.3125,0.0,0.0,616841.2593307495,1.439547799421603,0.2956792848062364,0.20539733835104776,372100,strict,,fine_pixel_centers_within_radius,1e-06,,,1.0,10000,0,combined_hard_persistent_sensitivity_only
0,,0,,,0.0,0.0,669776.3377375603,built_form_primary,"[100, 100]",0,india_delhi,dense_building,normalized_proxy_mean,1e-06,0,0,0.05,constant_invalid,False,,"L_tilde = h * (k tensor l) / max(k tensor h, epsilon)",0.05,diagnostic only; lower allocated-water radiance does not select a winner,0,0,circular_mean_reference,0.9999999999999998,radius_m,500.0,10.0,literal_fork_form_reference_not_measured_viirs_psf,"[101, 101]",circular_mean,stationary_kernel_allocation,,1.0,,0,0,retain_in_numerator_then_clip_negative_output_after_recording,-3.6776389308929445,4.962989130783081,0.08045812525847808,6.590058480113195,10000,61.68412593307495,fork_form_locally_normalized_radiance_allocation,nan,,0.0,0.0,616841.3125,0.0,0.0,616841.2593307495,1.4406098022218419,0.2960911330538363,0.20553180738301774,372100,strict,,fine_pixel_centers_within_radius,1e-06,,,1.0,10000,0,soft_with_mapped_infrastructure_override
0,,,,,0.0,0.0,690480.9910502434,built_form_primary,"[100, 100]",0,india_delhi,dense_building,normalized_proxy_mean,1e-06,0,0,0.05,constant_invalid,False,,"L_tilde = h * (k tensor l) / max(k tensor h, epsilon)",0.05,diagnostic only; lower allocated-water radiance does not select a winner,0,0,gaussian_fwhm_750m,1.0,fwhm_m,750.0,10.0,named_allocation_sensitivity_not_recovered_viirs_psf,"[257, 257]",gaussian,stationary_kernel_allocation,,1.0,,0,0,retain_in_numerator_then_clip_negative_output_after_recording,-4.663644072513986,5.834776735762564,0.0946931941696902,7.219291450365668,9604,61.61769900069739,fork_form_locally_normalized_radiance_allocation,nan,,0.0,0.0,616841.3125,0.0,0.0,616841.2593307495,1.4396469016243008,0.2956696708901147,0.20537652313260124,372100,strict,318.49567510800716,,1e-06,1280.0,4.0,1.0,10000,0,combined_soft
0,,,,,0.0,0.0,734477.601893425,built_form_primary,"[100, 100]",0,india_delhi,dense_building,normalized_proxy_mean,1e-06,0,0,0.05,constant_invalid,False,,"L_tilde = h * (k tensor l) / max(k tensor h, epsilon)",0.05,diagnostic only; lower allocated-water radiance does not select a winner,0,0,gaussian_fwhm_1000m,1.0,fwhm_m,1000.0,10.0,named_allocation_sensitivity_not_recovered_viirs_psf,"[341, 341]",gaussian,stationary_kernel_allocation,,1.0,,0,0,retain_in_numerator_then_clip_negative_output_after_recording,,,,,0,,fork_form_locally_normalized_radiance_allocation,nan,,0.0,0.0,616841.3125,0.0,0.0,616841.2593307495,1.4396469016243008,0.2956696708901147,0.20537652313260124,372100,strict,424.66090014400953,,1e-06,1700.0,4.0,1.0,10000,0,combined_soft
0,,,,,0.0,0.0,808383.662322998,built_form_primary,"[100, 100]",0,india_delhi,dense_building,normalized_proxy_mean,1e-06,0,0,0.05,constant_invalid,False,,"L_tilde = h * (k tensor l) / max(k tensor h, epsilon)",0.05,diagnostic only; lower allocated-water radiance does not select a winner,0,0,gaussian_fwhm_1500m,1.0,fwhm_m,1500.0,10.0,named_allocation_sensitivity_not_recovered_viirs_psf,"[511, 511]",gaussian,stationary_kernel_allocation,,1.0,,0,0,retain_in_numerator_then_clip_negative_output_after_recording,,,,,0,,fork_form_locally_normalized_radiance_allocation,nan,,0.0,0.0,616841.3125,0.0,0.0,616841.2593307495,1.4396469016243008,0.2956696708901147,0.20537652313260124,372100,strict,636.9913502160143,,1e-06,2550.0,4.0,1.0,10000,0,combined_soft
0,,,,,0.0,0.0,626492.23848629,s2_only_ablation,"[100, 100]",0,india_delhi,dense_building,normalized_proxy_mean,1e-06,0,0,0.05,constant_invalid,False,,"L_tilde = h * (k tensor l) / max(k tensor h, epsilon)",0.05,diagnostic only; lower allocated-water radiance does not select a winner,0,0,circular_mean_reference,0.9999999999999998,radius_m,500.0,10.0,literal_fork_form_reference_not_measured_viirs_psf,"[101, 101]",circular_mean,stationary_kernel_allocation,,1.0,,0,0,retain_in_numerator_then_clip_negative_output_after_recording,-1.4341301036834717,3.98073962059021,0.0645342632383114,4.812233458242273,10000,61.68412593307495,fork_form_locally_normalized_radiance_allocation,nan,,0.0,0.0,616841.3125,0.0,0.0,616841.2593307495,1.1850570421777835,0.41051494641755615,0.346409440773622,372100,strict,,fine_pixel_centers_within_radius,1e-06,,,1.0,10000,0,no_water_prior
0,,0,,,0.0,0.0,626497.8186750412,s2_only_ablation,"[100, 100]",0,india_delhi,dense_building,normalized_proxy_mean,1e-06,0,0,0.05,constant_invalid,False,,"L_tilde = h * (k tensor l) / max(k tensor h, epsilon)",0.05,diagnostic only; lower allocated-water radiance does not select a winner,0,0,circular_mean_reference,0.9999999999999998,radius_m,500.0,10.0,literal_fork_form_reference_not_measured_viirs_psf,"[101, 101]",circular_mean,stationary_kernel_allocation,,1.0,,0,0,retain_in_numerator_then_clip_negative_output_after_recording,-1.4342230823516846,3.9806552814483642,0.06453289596365896,4.812182769986184,10000,61.68412593307495,fork_form_locally_normalized_radiance_allocation,nan,,0.0,0.0,616841.3125,0.0,0.0,616841.2593307495,1.1882724981861341,0.4104842888573482,0.34544625142987945,372100,strict,,fine_pixel_centers_within_radius,1e-06,,,1.0,10000,0,persistent_only_soft
0,,0,,,0.0,0.0,626406.6770925522,s2_only_ablation,"[100, 100]",0,india_delhi,dense_building,normalized_proxy_mean,1e-06,0,0,0.05,constant_invalid,False,,"L_tilde = h * (k tensor l) / max(k tensor h, epsilon)",0.05,diagnostic only; lower allocated-water radiance does not select a winner,0,0,circular_mean_reference,0.9999999999999998,radius_m,500.0,10.0,literal_fork_form_reference_not_measured_viirs_psf,"[101, 101]",circular_mean,stationary_kernel_allocation,,1.0,,0,0,retain_in_numerator_then_clip_negative_output_after_recording,-1.4238052577972413,3.9785930614471434,0.06449946402359293,4.807930189283483,10000,61.68412593307495,fork_form_locally_normalized_radiance_allocation,nan,,0.0,0.0,616841.3125,0.0,0.0,616841.2593307495,1.1868143060960394,0.41038278754588314,0.3457851696451892,372100,strict,,fine_pixel_centers_within_radius,1e-06,,,1.0,10000,0,spectral_only_soft
0,,0,,,0.0,0.0,626412.2173805237,s2_only_ablation,"[100, 100]",0,india_delhi,dense_building,normalized_proxy_mean,1e-06,0,0,0.05,constant_invalid,False,,"L_tilde = h * (k tensor l) / max(k tensor h, epsilon)",0.05,diagnostic only; lower allocated-water radiance does not select a winner,0,0,circular_mean_reference,0.9999999999999998,radius_m,500.0,10.0,literal_fork_form_reference_not_measured_viirs_psf,"[101, 101]",circular_mean,stationary_kernel_allocation,,1.0,,0,0,retain_in_numerator_then_clip_negative_output_after_recording,-1.4238904224395752,3.9785078395843505,0.06449808243859835,4.807876572940276,10000,61.68412593307495,fork_form_locally_normalized_radiance_allocation,nan,,0.0,0.0,616841.3125,0.0,0.0,616841.2593307495,1.1893435041078217,0.4103521472815744,0.34502408166477433,372100,strict,,fine_pixel_centers_within_radius,1e-06,,,1.0,10000,0,combined_soft
0,,0,,,0.0,0.0,626406.6770925522,s2_only_ablation,"[100, 100]",0,india_delhi,dense_building,normalized_proxy_mean,1e-06,0,0,0.05,constant_invalid,False,,"L_tilde = h * (k tensor l) / max(k tensor h, epsilon)",0.05,diagnostic only; lower allocated-water radiance does not select a winner,0,0,circular_mean_reference,0.9999999999999998,radius_m,500.0,10.0,literal_fork_form_reference_not_measured_viirs_psf,"[101, 101]",circular_mean,stationary_kernel_allocation,,1.0,,0,0,retain_in_numerator_then_clip_negative_output_after_recording,-1.4238052577972413,3.9785930614471434,0.06449946402359293,4.807930189283483,10000,61.68412593307495,fork_form_locally_normalized_radiance_allocation,nan,,0.0,0.0,616841.3125,0.0,0.0,616841.2593307495,1.1868143060960394,0.41038278754588314,0.3457851696451892,372100,strict,,fine_pixel_centers_within_radius,1e-06,,,1.0,10000,0,combined_hard_persistent_sensitivity_only
0,,0,,,0.0,0.0,626520.8176369667,s2_only_ablation,"[100, 100]",0,india_delhi,dense_building,normalized_proxy_mean,1e-06,0,0,0.05,constant_invalid,False,,"L_tilde = h * (k tensor l) / max(k tensor h, epsilon)",0.05,diagnostic only; lower allocated-water radiance does not select a winner,0,0,circular_mean_reference,0.9999999999999998,radius_m,500.0,10.0,literal_fork_form_reference_not_measured_viirs_psf,"[101, 101]",circular_mean,stationary_kernel_allocation,,1.0,,0,0,retain_in_numerator_then_clip_negative_output_after_recording,-1.4339410743713379,3.98066240234375,0.06453301140495409,4.812390473342679,10000,61.68412593307495,fork_form_locally_normalized_radiance_allocation,nan,,0.0,0.0,616841.3125,0.0,0.0,616841.2593307495,1.1894793323999897,0.41047044150270995,0.34508412567510693,372100,strict,,fine_pixel_centers_within_radius,1e-06,,,1.0,10000,0,soft_with_mapped_infrastructure_override
0,,,,,0.0,0.0,630029.2122850418,s2_only_ablation,"[100, 100]",0,india_delhi,dense_building,normalized_proxy_mean,1e-06,0,0,0.05,constant_invalid,False,,"L_tilde = h * (k tensor l) / max(k tensor h, epsilon)",0.05,diagnostic only; lower allocated-water radiance does not select a winner,0,0,gaussian_fwhm_750m,1.0,fwhm_m,750.0,10.0,named_allocation_sensitivity_not_recovered_viirs_psf,"[257, 257]",gaussian,stationary_kernel_allocation,,1.0,,0,0,retain_in_numerator_then_clip_negative_output_after_recording,-1.7429852678298157,4.540023641256629,0.07368051249698962,5.424908996093187,9604,61.61769900069739,fork_form_locally_normalized_radiance_allocation,nan,,0.0,0.0,616841.3125,0.0,0.0,616841.2593307495,1.1893435041078217,0.4103521472815744,0.34502408166477433,372100,strict,318.49567510800716,,1e-06,1280.0,4.0,1.0,10000,0,combined_soft
0,,,,,0.0,0.0,638742.2575244904,s2_only_ablation,"[100, 100]",0,india_delhi,dense_building,normalized_proxy_mean,1e-06,0,0,0.05,constant_invalid,False,,"L_tilde = h * (k tensor l) / max(k tensor h, epsilon)",0.05,diagnostic only; lower allocated-water radiance does not select a winner,0,0,gaussian_fwhm_1000m,1.0,fwhm_m,1000.0,10.0,named_allocation_sensitivity_not_recovered_viirs_psf,"[341, 341]",gaussian,stationary_kernel_allocation,,1.0,,0,0,retain_in_numerator_then_clip_negative_output_after_recording,,,,,0,,fork_form_locally_normalized_radiance_allocation,nan,,0.0,0.0,616841.3125,0.0,0.0,616841.2593307495,1.1893435041078217,0.4103521472815744,0.34502408166477433,372100,strict,424.66090014400953,,1e-06,1700.0,4.0,1.0,10000,0,combined_soft
0,,,,,0.0,0.0,652383.249715805,s2_only_ablation,"[100, 100]",0,india_delhi,dense_building,normalized_proxy_mean,1e-06,0,0,0.05,constant_invalid,False,,"L_tilde = h * (k tensor l) / max(k tensor h, epsilon)",0.05,diagnostic only; lower allocated-water radiance does not select a winner,0,0,gaussian_fwhm_1500m,1.0,fwhm_m,1500.0,10.0,named_allocation_sensitivity_not_recovered_viirs_psf,"[511, 511]",gaussian,stationary_kernel_allocation,,1.0,,0,0,retain_in_numerator_then_clip_negative_output_after_recording,,,,,0,,fork_form_locally_normalized_radiance_allocation,nan,,0.0,0.0,616841.3125,0.0,0.0,616841.2593307495,1.1893435041078217,0.4103521472815744,0.34502408166477433,372100,strict,636.9913502160143,,1e-06,2550.0,4.0,1.0,10000,0,combined_soft
0,,,,,0.0,0.0,647739.1224632263,built_form_primary,"[100, 100]",,india_delhi,dense_building,,,,,,,False,100.0,,,diagnostic only; lower allocated-water radiance does not select a winner,,,native_vnp_footprint,,,,,actual_projected_source_cell_polygon_area_overlap_major_sensitivity,,native_vnp_footprint,native_footprint_allocation,1.0,,9,,,,0.2936653834250238,0.3599112505714099,0.005774741791854297,0.4283020527102215,9,62.32508111082845,native_vnp_footprint_area_overlap_sensitivity,,17753,,,,0.0,0.0,616841.2593307495,1.4396469016243008,0.2956696708901147,0.20537652313260124,372100,strict,,,1e-06,,,1.0,10000,0,combined_soft
0,,,,,0.0,0.0,616799.7821292877,s2_only_ablation,"[100, 100]",,india_delhi,dense_building,,,,,,,False,100.0,,,diagnostic only; lower allocated-water radiance does not select a winner,,,native_vnp_footprint,,,,,actual_projected_source_cell_polygon_area_overlap_major_sensitivity,,native_vnp_footprint,native_footprint_allocation,1.0,,9,,,,0.3243839753170808,0.340782785995139,0.005467827387300035,0.38635819857229864,9,62.32508121720619,native_vnp_footprint_area_overlap_sensitivity,,17753,,,,0.0,0.0,616841.2593307495,1.1893435041078217,0.4103521472815744,0.34502408166477433,372100,strict,,,1e-06,,,1.0,10000,0,combined_soft
0,,,,,0.0,0.0,156168.39310264587,uniform_normalized_convolution,"[100, 100]",0,india_delhi,sparse_built,normalized_proxy_mean,1e-06,0,0,0.05,constant_invalid,False,,"L_tilde = h * (k tensor l) / max(k tensor h, epsilon)",0.05,diagnostic only; lower allocated-water radiance does not select a winner,0,0,circular_mean_reference,0.9999999999999998,radius_m,500.0,10.0,literal_fork_form_reference_not_measured_viirs_psf,"[101, 101]",circular_mean,uniform_baseline,,1.0,,0,0,retain_in_numerator_then_clip_negative_output_after_recording,-2.034524409389496,2.099988446712494,0.14272097916815166,2.563259158242972,10000,14.71394366092682,fork_form_locally_normalized_radiance_allocation,nan,,0.0,0.0,147139.4375,0.0,0.0,147139.4366092682,1.0,1.0,1.0,372100,strict,,fine_pixel_centers_within_radius,1e-06,,,1.0,10000,0,not_applicable
0,,,,,0.0,0.0,149865.05298137665,built_form_primary,"[100, 100]",0,india_delhi,sparse_built,normalized_proxy_mean,1e-06,0,0,0.05,constant_invalid,False,,"L_tilde = h * (k tensor l) / max(k tensor h, epsilon)",0.05,diagnostic only; lower allocated-water radiance does not select a winner,0,0,circular_mean_reference,0.9999999999999998,radius_m,500.0,10.0,literal_fork_form_reference_not_measured_viirs_psf,"[101, 101]",circular_mean,stationary_kernel_allocation,,1.0,,0,0,retain_in_numerator_then_clip_negative_output_after_recording,-0.43443015565872195,1.05308940782547,0.07157084681668115,1.3423458672217192,10000,14.71394366092682,fork_form_locally_normalized_radiance_allocation,nan,,0.0,0.0,147139.4375,0.0,0.0,147139.4366092682,1.1660192319824472,0.23965403774142008,0.20553180738301774,372100,strict,,fine_pixel_centers_within_radius,1e-06,,,1.0,10000,0,no_water_prior
0,,0,,,0.0,0.0,149867.48245716095,built_form_primary,"[100, 100]",0,india_delhi,sparse_built,normalized_proxy_mean,1e-06,0,0,0.05,constant_invalid,False,,"L_tilde = h * (k tensor l) / max(k tensor h, epsilon)",0.05,diagnostic only; lower allocated-water radiance does not select a winner,0,0,circular_mean_reference,0.9999999999999998,radius_m,500.0,10.0,literal_fork_form_reference_not_measured_viirs_psf,"[101, 101]",circular_mean,stationary_kernel_allocation,,1.0,,0,0,retain_in_numerator_then_clip_negative_output_after_recording,-0.434469867515564,1.0531503355026246,0.07157498762886302,1.342429689500281,10000,14.71394366092682,fork_form_locally_normalized_radiance_allocation,nan,,0.0,0.0,147139.4375,0.0,0.0,147139.4366092682,1.1659777286694404,0.2396209384312363,0.2055107305317084,372100,strict,,fine_pixel_centers_within_radius,1e-06,,,1.0,10000,0,persistent_only_soft
0,,0,,,0.0,0.0,149865.0961766243,built_form_primary,"[100, 100]",0,india_delhi,sparse_built,normalized_proxy_mean,1e-06,0,0,0.05,constant_invalid,False,,"L_tilde = h * (k tensor l) / max(k tensor h, epsilon)",0.05,diagnostic only; lower allocated-water radiance does not select a winner,0,0,circular_mean_reference,0.9999999999999998,radius_m,500.0,10.0,literal_fork_form_reference_not_measured_viirs_psf,"[101, 101]",circular_mean,stationary_kernel_allocation,,1.0,,0,0,retain_in_numerator_then_clip_negative_output_after_recording,-0.43459422664642333,1.0531869230270385,0.07157747421745253,1.3424803730058448,10000,14.71394366092682,fork_form_locally_normalized_radiance_allocation,nan,,0.0,0.0,147139.4375,0.0,0.0,147139.4366092682,1.1659849485118234,0.23949020379036465,0.20539733835104776,372100,strict,,fine_pixel_centers_within_radius,1e-06,,,1.0,10000,0,spectral_only_soft
0,,0,,,0.0,0.0,149867.5220117569,built_form_primary,"[100, 100]",0,india_delhi,sparse_built,normalized_proxy_mean,1e-06,0,0,0.05,constant_invalid,False,,"L_tilde = h * (k tensor l) / max(k tensor h, epsilon)",0.05,diagnostic only; lower allocated-water radiance does not select a winner,0,0,circular_mean_reference,0.9999999999999998,radius_m,500.0,10.0,literal_fork_form_reference_not_measured_viirs_psf,"[101, 101]",circular_mean,stationary_kernel_allocation,,1.0,,0,0,retain_in_numerator_then_clip_negative_output_after_recording,-0.4346326499938965,1.053247617149353,0.07158159915660638,1.342564040586041,10000,14.71394366092682,fork_form_locally_normalized_radiance_allocation,nan,,0.0,0.0,147139.4375,0.0,0.0,147139.4366092682,1.1659424996990344,0.239457213363218,0.20537652313260124,372100,strict,,fine_pixel_centers_within_radius,1e-06,,,1.0,10000,0,combined_soft
0,,0,,,0.0,0.0,149865.0961766243,built_form_primary,"[100, 100]",0,india_delhi,sparse_built,normalized_proxy_mean,1e-06,0,0,0.05,constant_invalid,False,,"L_tilde = h * (k tensor l) / max(k tensor h, epsilon)",0.05,diagnostic only; lower allocated-water radiance does not select a winner,0,0,circular_mean_reference,0.9999999999999998,radius_m,500.0,10.0,literal_fork_form_reference_not_measured_viirs_psf,"[101, 101]",circular_mean,stationary_kernel_allocation,,1.0,,0,0,retain_in_numerator_then_clip_negative_output_after_recording,-0.43459422664642333,1.0531869230270385,0.07157747421745253,1.3424803730058448,10000,14.71394366092682,fork_form_locally_normalized_radiance_allocation,nan,,0.0,0.0,147139.4375,0.0,0.0,147139.4366092682,1.1659849485118234,0.23949020379036465,0.20539733835104776,372100,strict,,fine_pixel_centers_within_radius,1e-06,,,1.0,10000,0,combined_hard_persistent_sensitivity_only
0,,0,,,0.0,0.0,149865.05298137665,built_form_primary,"[100, 100]",0,india_delhi,sparse_built,normalized_proxy_mean,1e-06,0,0,0.05,constant_invalid,False,,"L_tilde = h * (k tensor l) / max(k tensor h, epsilon)",0.05,diagnostic only; lower allocated-water radiance does not select a winner,0,0,circular_mean_reference,0.9999999999999998,radius_m,500.0,10.0,literal_fork_form_reference_not_measured_viirs_psf,"[101, 101]",circular_mean,stationary_kernel_allocation,,1.0,,0,0,retain_in_numerator_then_clip_negative_output_after_recording,-0.43443015565872195,1.05308940782547,0.07157084681668115,1.3423458672217192,10000,14.71394366092682,fork_form_locally_normalized_radiance_allocation,nan,,0.0,0.0,147139.4375,0.0,0.0,147139.4366092682,1.1660192319824472,0.23965403774142008,0.20553180738301774,372100,strict,,fine_pixel_centers_within_radius,1e-06,,,1.0,10000,0,soft_with_mapped_infrastructure_override
0,,,,,0.0,0.0,148950.6168487072,built_form_primary,"[100, 100]",0,india_delhi,sparse_built,normalized_proxy_mean,1e-06,0,0,0.05,constant_invalid,False,,"L_tilde = h * (k tensor l) / max(k tensor h, epsilon)",0.05,diagnostic only; lower allocated-water radiance does not select a winner,0,0,gaussian_fwhm_750m,1.0,fwhm_m,750.0,10.0,named_allocation_sensitivity_not_recovered_viirs_psf,"[257, 257]",gaussian,stationary_kernel_allocation,,1.0,,0,0,retain_in_numerator_then_clip_negative_output_after_recording,-1.2420221524951558,1.5388663266907627,0.10476377498028544,1.7668069724034736,9604,14.688916345180843,fork_form_locally_normalized_radiance_allocation,nan,,0.0,0.0,147139.4375,0.0,0.0,147139.4366092682,1.1659424996990344,0.239457213363218,0.20537652313260124,372100,strict,318.49567510800716,,1e-06,1280.0,4.0,1.0,10000,0,combined_soft
0,,,,,0.0,0.0,153399.6319451332,built_form_primary,"[100, 100]",0,india_delhi,sparse_built,normalized_proxy_mean,1e-06,0,0,0.05,constant_invalid,False,,"L_tilde = h * (k tensor l) / max(k tensor h, epsilon)",0.05,diagnostic only; lower allocated-water radiance does not select a winner,0,0,gaussian_fwhm_1000m,1.0,fwhm_m,1000.0,10.0,named_allocation_sensitivity_not_recovered_viirs_psf,"[341, 341]",gaussian,stationary_kernel_allocation,,1.0,,0,0,retain_in_numerator_then_clip_negative_output_after_recording,,,,,0,,fork_form_locally_normalized_radiance_allocation,nan,,0.0,0.0,147139.4375,0.0,0.0,147139.4366092682,1.1659424996990344,0.239457213363218,0.20537652313260124,372100,strict,424.66090014400953,,1e-06,1700.0,4.0,1.0,10000,0,combined_soft
0,,,,,0.0,0.0,169536.10193681717,built_form_primary,"[100, 100]",0,india_delhi,sparse_built,normalized_proxy_mean,1e-06,0,0,0.05,constant_invalid,False,,"L_tilde = h * (k tensor l) / max(k tensor h, epsilon)",0.05,diagnostic only; lower allocated-water radiance does not select a winner,0,0,gaussian_fwhm_1500m,1.0,fwhm_m,1500.0,10.0,named_allocation_sensitivity_not_recovered_viirs_psf,"[511, 511]",gaussian,stationary_kernel_allocation,,1.0,,0,0,retain_in_numerator_then_clip_negative_output_after_recording,,,,,0,,fork_form_locally_normalized_radiance_allocation,nan,,0.0,0.0,147139.4375,0.0,0.0,147139.4366092682,1.1659424996990344,0.239457213363218,0.20537652313260124,372100,strict,636.9913502160143,,1e-06,2550.0,4.0,1.0,10000,0,combined_soft
0,,,,,0.0,0.0,140786.4545969963,s2_only_ablation,"[100, 100]",0,india_delhi,sparse_built,normalized_proxy_mean,1e-06,0,0,0.05,constant_invalid,False,,"L_tilde = h * (k tensor l) / max(k tensor h, epsilon)",0.05,diagnostic only; lower allocated-water radiance does not select a winner,0,0,circular_mean_reference,0.9999999999999998,radius_m,500.0,10.0,literal_fork_form_reference_not_measured_viirs_psf,"[101, 101]",circular_mean,stationary_kernel_allocation,,1.0,,0,0,retain_in_numerator_then_clip_negative_output_after_recording,-0.7254759678840638,1.3868413363456726,0.09425354400591178,2.015930635866055,10000,14.71394366092682,fork_form_locally_normalized_radiance_allocation,nan,,0.0,0.0,147139.4375,0.0,0.0,147139.4366092682,1.1842606483024236,0.41023906817527084,0.346409440773622,372100,strict,,fine_pixel_centers_within_radius,1e-06,,,1.0,10000,0,no_water_prior
0,,0,,,0.0,0.0,140797.79790115356,s2_only_ablation,"[100, 100]",0,india_delhi,sparse_built,normalized_proxy_mean,1e-06,0,0,0.05,constant_invalid,False,,"L_tilde = h * (k tensor l) / max(k tensor h, epsilon)",0.05,diagnostic only; lower allocated-water radiance does not select a winner,0,0,circular_mean_reference,0.9999999999999998,radius_m,500.0,10.0,literal_fork_form_reference_not_measured_viirs_psf,"[101, 101]",circular_mean,stationary_kernel_allocation,,1.0,,0,0,retain_in_numerator_then_clip_negative_output_after_recording,-0.7276561765670776,1.3866789403915405,0.09424250713110278,2.016552202960706,10000,14.71394366092682,fork_form_locally_normalized_radiance_allocation,nan,,0.0,0.0,147139.4375,0.0,0.0,147139.4366092682,1.1872043967786832,0.41011531733184675,0.34544625142987945,372100,strict,,fine_pixel_centers_within_radius,1e-06,,,1.0,10000,0,persistent_only_soft
0,,0,,,0.0,0.0,140790.58406877518,s2_only_ablation,"[100, 100]",0,india_delhi,sparse_built,normalized_proxy_mean,1e-06,0,0,0.05,constant_invalid,False,,"L_tilde = h * (k tensor l) / max(k tensor h, epsilon)",0.05,diagnostic only; lower allocated-water radiance does not select a winner,0,0,circular_mean_reference,0.9999999999999998,radius_m,500.0,10.0,literal_fork_form_reference_not_measured_viirs_psf,"[101, 101]",circular_mean,stationary_kernel_allocation,,1.0,,0,0,retain_in_numerator_then_clip_negative_output_after_recording,-0.7261723511695862,1.3867963839530946,0.09425048891792083,2.0161125956758443,10000,14.71394366092682,fork_form_locally_normalized_radiance_allocation,nan,,0.0,0.0,147139.4375,0.0,0.0,147139.4366092682,1.186162851653979,0.41015752421628443,0.3457851696451892,372100,strict,,fine_pixel_centers_within_radius,1e-06,,,1.0,10000,0,spectral_only_soft
0,,0,,,0.0,0.0,140800.76388978958,s2_only_ablation,"[100, 100]",0,india_delhi,sparse_built,normalized_proxy_mean,1e-06,0,0,0.05,constant_invalid,False,,"L_tilde = h * (k tensor l) / max(k tensor h, epsilon)",0.05,diagnostic only; lower allocated-water radiance does not select a winner,0,0,circular_mean_reference,0.9999999999999998,radius_m,500.0,10.0,literal_fork_form_reference_not_measured_viirs_psf,"[101, 101]",circular_mean,stationary_kernel_allocation,,1.0,,0,0,retain_in_numerator_then_clip_negative_output_after_recording,-0.7281660698890686,1.3866608025550842,0.09424127443395006,2.0166995993102397,10000,14.71394366092682,fork_form_locally_normalized_radiance_allocation,nan,,0.0,0.0,147139.4375,0.0,0.0,147139.4366092682,1.1884285319897876,0.4100364597514472,0.34502408166477433,372100,strict,,fine_pixel_centers_within_radius,1e-06,,,1.0,10000,0,combined_soft
0,,0,,,0.0,0.0,140790.58406877518,s2_only_ablation,"[100, 100]",0,india_delhi,sparse_built,normalized_proxy_mean,1e-06,0,0,0.05,constant_invalid,False,,"L_tilde = h * (k tensor l) / max(k tensor h, epsilon)",0.05,diagnostic only; lower allocated-water radiance does not select a winner,0,0,circular_mean_reference,0.9999999999999998,radius_m,500.0,10.0,literal_fork_form_reference_not_measured_viirs_psf,"[101, 101]",circular_mean,stationary_kernel_allocation,,1.0,,0,0,retain_in_numerator_then_clip_negative_output_after_recording,-0.7261723511695862,1.3867963839530946,0.09425048891792083,2.0161125956758443,10000,14.71394366092682,fork_form_locally_normalized_radiance_allocation,nan,,0.0,0.0,147139.4375,0.0,0.0,147139.4366092682,1.186162851653979,0.41015752421628443,0.3457851696451892,372100,strict,,fine_pixel_centers_within_radius,1e-06,,,1.0,10000,0,combined_hard_persistent_sensitivity_only
0,,0,,,0.0,0.0,140799.79492855072,s2_only_ablation,"[100, 100]",0,india_delhi,sparse_built,normalized_proxy_mean,1e-06,0,0,0.05,constant_invalid,False,,"L_tilde = h * (k tensor l) / max(k tensor h, epsilon)",0.05,diagnostic only; lower allocated-water radiance does not select a winner,0,0,circular_mean_reference,0.9999999999999998,radius_m,500.0,10.0,literal_fork_form_reference_not_measured_viirs_psf,"[101, 101]",circular_mean,stationary_kernel_allocation,,1.0,,0,0,retain_in_numerator_then_clip_negative_output_after_recording,-0.7280692776679992,1.3866152297019958,0.0942381771777597,2.0166443150378126,10000,14.71394366092682,fork_form_locally_normalized_radiance_allocation,nan,,0.0,0.0,147139.4375,0.0,0.0,147139.4366092682,1.1884811308867458,0.4101259780653648,0.34508412567510693,372100,strict,,fine_pixel_centers_within_radius,1e-06,,,1.0,10000,0,soft_with_mapped_infrastructure_override
0,,,,,0.0,0.0,140496.13023662567,s2_only_ablation,"[100, 100]",0,india_delhi,sparse_built,normalized_proxy_mean,1e-06,0,0,0.05,constant_invalid,False,,"L_tilde = h * (k tensor l) / max(k tensor h, epsilon)",0.05,diagnostic only; lower allocated-water radiance does not select a winner,0,0,gaussian_fwhm_750m,1.0,fwhm_m,750.0,10.0,named_allocation_sensitivity_not_recovered_viirs_psf,"[257, 257]",gaussian,stationary_kernel_allocation,,1.0,,0,0,retain_in_numerator_then_clip_negative_output_after_recording,-1.8747267795572278,1.9994507488336528,0.13611969064618132,2.501984645589912,9604,14.688916345180843,fork_form_locally_normalized_radiance_allocation,nan,,0.0,0.0,147139.4375,0.0,0.0,147139.4366092682,1.1884285319897876,0.4100364597514472,0.34502408166477433,372100,strict,318.49567510800716,,1e-06,1280.0,4.0,1.0,10000,0,combined_soft
0,,,,,0.0,0.0,143861.3212761879,s2_only_ablation,"[100, 100]",0,india_delhi,sparse_built,normalized_proxy_mean,1e-06,0,0,0.05,constant_invalid,False,,"L_tilde = h * (k tensor l) / max(k tensor h, epsilon)",0.05,diagnostic only; lower allocated-water radiance does not select a winner,0,0,gaussian_fwhm_1000m,1.0,fwhm_m,1000.0,10.0,named_allocation_sensitivity_not_recovered_viirs_psf,"[341, 341]",gaussian,stationary_kernel_allocation,,1.0,,0,0,retain_in_numerator_then_clip_negative_output_after_recording,,,,,0,,fork_form_locally_normalized_radiance_allocation,nan,,0.0,0.0,147139.4375,0.0,0.0,147139.4366092682,1.1884285319897876,0.4100364597514472,0.34502408166477433,372100,strict,424.66090014400953,,1e-06,1700.0,4.0,1.0,10000,0,combined_soft
0,,,,,0.0,0.0,158816.05712747574,s2_only_ablation,"[100, 100]",0,india_delhi,sparse_built,normalized_proxy_mean,1e-06,0,0,0.05,constant_invalid,False,,"L_tilde = h * (k tensor l) / max(k tensor h, epsilon)",0.05,diagnostic only; lower allocated-water radiance does not select a winner,0,0,gaussian_fwhm_1500m,1.0,fwhm_m,1500.0,10.0,named_allocation_sensitivity_not_recovered_viirs_psf,"[511, 511]",gaussian,stationary_kernel_allocation,,1.0,,0,0,retain_in_numerator_then_clip_negative_output_after_recording,,,,,0,,fork_form_locally_normalized_radiance_allocation,nan,,0.0,0.0,147139.4375,0.0,0.0,147139.4366092682,1.1884285319897876,0.4100364597514472,0.34502408166477433,372100,strict,636.9913502160143,,1e-06,2550.0,4.0,1.0,10000,0,combined_soft
0,,,,,0.0,0.0,151256.28981351852,built_form_primary,"[100, 100]",,india_delhi,sparse_built,,,,,,,False,100.0,,,diagnostic only; lower allocated-water radiance does not select a winner,,,native_vnp_footprint,,,,,actual_projected_source_cell_polygon_area_overlap_major_sensitivity,,native_vnp_footprint,native_footprint_allocation,1.0,,9,,,,0.07517778542306688,0.09767177535427941,0.0065578283245561345,0.11200207315111628,9,14.893920749425888,native_vnp_footprint_area_overlap_sensitivity,,17761,,,,0.0,0.0,147139.4366092682,1.1659424996990344,0.239457213363218,0.20537652313260124,372100,strict,,,1e-06,,,1.0,10000,0,combined_soft
0,,,,,0.0,0.0,140250.2611221075,s2_only_ablation,"[100, 100]",,india_delhi,sparse_built,,,,,,,False,100.0,,,diagnostic only; lower allocated-water radiance does not select a winner,,,native_vnp_footprint,,,,,actual_projected_source_cell_polygon_area_overlap_major_sensitivity,,native_vnp_footprint,native_footprint_allocation,1.0,,9,,,,0.08282067854371336,0.08282067854371336,0.005560703690838927,0.09329386082798231,9,14.893920472719604,native_vnp_footprint_area_overlap_sensitivity,,17761,,,,0.0,0.0,147139.4366092682,1.1884285319897876,0.4100364597514472,0.34502408166477433,372100,strict,,,1e-06,,,1.0,10000,0,combined_soft
0,,,,,0.0,0.0,338882.9841156006,uniform_normalized_convolution,"[100, 100]",0,india_delhi,water_adjacent_infrastructure,normalized_proxy_mean,1e-06,0,0,0.05,constant_invalid,False,,"L_tilde = h * (k tensor l) / max(k tensor h, epsilon)",0.05,diagnostic only; lower allocated-water radiance does not select a winner,0,0,circular_mean_reference,0.9999999999999998,radius_m,500.0,10.0,literal_fork_form_reference_not_measured_viirs_psf,"[101, 101]",circular_mean,uniform_baseline,,1.0,,0,0,retain_in_numerator_then_clip_negative_output_after_recording,2.4300940210342405,6.466717951774597,0.1817397424109649,7.9476131789564555,10000,35.5822995344162,fork_form_locally_normalized_radiance_allocation,nan,,0.0,0.0,355823.0,0.0,0.0,355822.995344162,1.0,1.0,1.0,372100,strict,,fine_pixel_centers_within_radius,1e-06,,,1.0,10000,0,not_applicable
0,,,,,0.0,0.0,311167.13874673843,built_form_primary,"[100, 100]",0,india_delhi,water_adjacent_infrastructure,normalized_proxy_mean,1e-06,0,0,0.05,constant_invalid,False,,"L_tilde = h * (k tensor l) / max(k tensor h, epsilon)",0.05,diagnostic only; lower allocated-water radiance does not select a winner,0,0,circular_mean_reference,0.9999999999999998,radius_m,500.0,10.0,literal_fork_form_reference_not_measured_viirs_psf,"[101, 101]",circular_mean,stationary_kernel_allocation,,1.0,,0,0,retain_in_numerator_then_clip_negative_output_after_recording,2.7370948962211608,6.199109617519379,0.17421891498393535,7.740413447868395,10000,35.5822995344162,fork_form_locally_normalized_radiance_allocation,nan,,0.0,0.0,355823.0,0.0,0.0,355822.995344162,1.02991986674804,0.2116812898757152,0.20553180738301774,372100,strict,,fine_pixel_centers_within_radius,1e-06,,,1.0,10000,0,no_water_prior
0,,0,,,0.0,0.0,311187.0114221573,built_form_primary,"[100, 100]",0,india_delhi,water_adjacent_infrastructure,normalized_proxy_mean,1e-06,0,0,0.05,constant_invalid,False,,"L_tilde = h * (k tensor l) / max(k tensor h, epsilon)",0.05,diagnostic only; lower allocated-water radiance does not select a winner,0,0,circular_mean_reference,0.9999999999999998,radius_m,500.0,10.0,literal_fork_form_reference_not_measured_viirs_psf,"[101, 101]",circular_mean,stationary_kernel_allocation,,1.0,,0,0,retain_in_numerator_then_clip_negative_output_after_recording,2.734955470466614,6.1980220411300655,0.1741883498882686,7.738384901378265,10000,35.5822995344162,fork_form_locally_normalized_radiance_allocation,nan,,0.0,0.0,355823.0,0.0,0.0,355822.995344162,1.029701190259677,0.2116146472478383,0.2055107305317084,372100,strict,,fine_pixel_centers_within_radius,1e-06,,,1.0,10000,0,persistent_only_soft
0,,0,,,0.0,0.0,311251.03189992905,built_form_primary,"[100, 100]",0,india_delhi,water_adjacent_infrastructure,normalized_proxy_mean,1e-06,0,0,0.05,constant_invalid,False,,"L_tilde = h * (k tensor l) / max(k tensor h, epsilon)",0.05,diagnostic only; lower allocated-water radiance does not select a winner,0,0,circular_mean_reference,0.9999999999999998,radius_m,500.0,10.0,literal_fork_form_reference_not_measured_viirs_psf,"[101, 101]",circular_mean,stationary_kernel_allocation,,1.0,,0,0,retain_in_numerator_then_clip_negative_output_after_recording,2.7346549807548524,6.197958247280121,0.1741865570347774,7.738168520942,10000,35.5822995344162,fork_form_locally_normalized_radiance_allocation,nan,,0.0,0.0,355823.0,0.0,0.0,355822.995344162,1.029412754242281,0.2114386388910066,0.20539733835104776,372100,strict,,fine_pixel_centers_within_radius,1e-06,,,1.0,10000,0,spectral_only_soft
0,,0,,,0.0,0.0,311270.9045176506,built_form_primary,"[100, 100]",0,india_delhi,water_adjacent_infrastructure,normalized_proxy_mean,1e-06,0,0,0.05,constant_invalid,False,,"L_tilde = h * (k tensor l) / max(k tensor h, epsilon)",0.05,diagnostic only; lower allocated-water radiance does not select a winner,0,0,circular_mean_reference,0.9999999999999998,radius_m,500.0,10.0,literal_fork_form_reference_not_measured_viirs_psf,"[101, 101]",circular_mean,stationary_kernel_allocation,,1.0,,0,0,retain_in_numerator_then_clip_negative_output_after_recording,2.7325262698173525,6.196874625682831,0.17415610308403592,7.736149578548393,10000,35.5822995344162,fork_form_locally_normalized_radiance_allocation,nan,,0.0,0.0,355823.0,0.0,0.0,355822.995344162,1.0291936526446532,0.21137221105938372,0.20537652313260124,372100,strict,,fine_pixel_centers_within_radius,1e-06,,,1.0,10000,0,combined_soft
0,,0,,,0.0,0.0,311251.03189992905,built_form_primary,"[100, 100]",0,india_delhi,water_adjacent_infrastructure,normalized_proxy_mean,1e-06,0,0,0.05,constant_invalid,False,,"L_tilde = h * (k tensor l) / max(k tensor h, epsilon)",0.05,diagnostic only; lower allocated-water radiance does not select a winner,0,0,circular_mean_reference,0.9999999999999998,radius_m,500.0,10.0,literal_fork_form_reference_not_measured_viirs_psf,"[101, 101]",circular_mean,stationary_kernel_allocation,,1.0,,0,0,retain_in_numerator_then_clip_negative_output_after_recording,2.7346549807548524,6.197958247280121,0.1741865570347774,7.738168520942,10000,35.5822995344162,fork_form_locally_normalized_radiance_allocation,nan,,0.0,0.0,355823.0,0.0,0.0,355822.995344162,1.029412754242281,0.2114386388910066,0.20539733835104776,372100,strict,,fine_pixel_centers_within_radius,1e-06,,,1.0,10000,0,combined_hard_persistent_sensitivity_only
0,,0,,,0.0,0.0,311167.13874673843,built_form_primary,"[100, 100]",0,india_delhi,water_adjacent_infrastructure,normalized_proxy_mean,1e-06,0,0,0.05,constant_invalid,False,,"L_tilde = h * (k tensor l) / max(k tensor h, epsilon)",0.05,diagnostic only; lower allocated-water radiance does not select a winner,0,0,circular_mean_reference,0.9999999999999998,radius_m,500.0,10.0,literal_fork_form_reference_not_measured_viirs_psf,"[101, 101]",circular_mean,stationary_kernel_allocation,,1.0,,0,0,retain_in_numerator_then_clip_negative_output_after_recording,2.7370948962211608,6.199109617519379,0.17421891498393535,7.740413447868395,10000,35.5822995344162,fork_form_locally_normalized_radiance_allocation,nan,,0.0,0.0,355823.0,0.0,0.0,355822.995344162,1.02991986674804,0.2116812898757152,0.20553180738301774,372100,strict,,fine_pixel_centers_within_radius,1e-06,,,1.0,10000,0,soft_with_mapped_infrastructure_override
0,,,,,0.0,0.0,304199.85528564453,built_form_primary,"[100, 100]",0,india_delhi,water_adjacent_infrastructure,normalized_proxy_mean,1e-06,0,0,0.05,constant_invalid,False,,"L_tilde = h * (k tensor l) / max(k tensor h, epsilon)",0.05,diagnostic only; lower allocated-water radiance does not select a winner,0,0,gaussian_fwhm_750m,1.0,fwhm_m,750.0,10.0,named_allocation_sensitivity_not_recovered_viirs_psf,"[257, 257]",gaussian,stationary_kernel_allocation,,1.0,,0,0,retain_in_numerator_then_clip_negative_output_after_recording,3.817608878395052,6.347374109564499,0.17794587847023577,8.344904979015071,9604,35.67025077586271,fork_form_locally_normalized_radiance_allocation,nan,,0.0,0.0,355823.0,0.0,0.0,355822.995344162,1.0291936526446532,0.21137221105938372,0.20537652313260124,372100,strict,318.49567510800716,,1e-06,1280.0,4.0,1.0,10000,0,combined_soft
0,,,,,0.0,0.0,300636.77692985535,built_form_primary,"[100, 100]",0,india_delhi,water_adjacent_infrastructure,normalized_proxy_mean,1e-06,0,0,0.05,constant_invalid,False,,"L_tilde = h * (k tensor l) / max(k tensor h, epsilon)",0.05,diagnostic only; lower allocated-water radiance does not select a winner,0,0,gaussian_fwhm_1000m,1.0,fwhm_m,1000.0,10.0,named_allocation_sensitivity_not_recovered_viirs_psf,"[341, 341]",gaussian,stationary_kernel_allocation,,1.0,,0,0,retain_in_numerator_then_clip_negative_output_after_recording,,,,,0,,fork_form_locally_normalized_radiance_allocation,nan,,0.0,0.0,355823.0,0.0,0.0,355822.995344162,1.0291936526446532,0.21137221105938372,0.20537652313260124,372100,strict,424.66090014400953,,1e-06,1700.0,4.0,1.0,10000,0,combined_soft
0,,,,,0.0,0.0,305298.59163856506,built_form_primary,"[100, 100]",0,india_delhi,water_adjacent_infrastructure,normalized_proxy_mean,1e-06,0,0,0.05,constant_invalid,False,,"L_tilde = h * (k tensor l) / max(k tensor h, epsilon)",0.05,diagnostic only; lower allocated-water radiance does not select a winner,0,0,gaussian_fwhm_1500m,1.0,fwhm_m,1500.0,10.0,named_allocation_sensitivity_not_recovered_viirs_psf,"[511, 511]",gaussian,stationary_kernel_allocation,,1.0,,0,0,retain_in_numerator_then_clip_negative_output_after_recording,,,,,0,,fork_form_locally_normalized_radiance_allocation,nan,,0.0,0.0,355823.0,0.0,0.0,355822.995344162,1.0291936526446532,0.21137221105938372,0.20537652313260124,372100,strict,636.9913502160143,,1e-06,2550.0,4.0,1.0,10000,0,combined_soft
0,,,,,0.0,0.0,340845.08704328537,s2_only_ablation,"[100, 100]",0,india_delhi,water_adjacent_infrastructure,normalized_proxy_mean,1e-06,0,0,0.05,constant_invalid,False,,"L_tilde = h * (k tensor l) / max(k tensor h, epsilon)",0.05,diagnostic only; lower allocated-water radiance does not select a winner,0,0,circular_mean_reference,0.9999999999999998,radius_m,500.0,10.0,literal_fork_form_reference_not_measured_viirs_psf,"[101, 101]",circular_mean,stationary_kernel_allocation,,1.0,,0,0,retain_in_numerator_then_clip_negative_output_after_recording,2.510632691383362,6.222230705070496,0.17486870681452668,7.708896819340379,10000,35.5822995344162,fork_form_locally_normalized_radiance_allocation,nan,,0.0,0.0,355823.0,0.0,0.0,355822.995344162,0.9320766150886111,0.3228801385270323,0.346409440773622,372100,strict,,fine_pixel_centers_within_radius,1e-06,,,1.0,10000,0,no_water_prior
0,,0,,,0.0,0.0,329406.6819419861,s2_only_ablation,"[100, 100]",0,india_delhi,water_adjacent_infrastructure,normalized_proxy_mean,1e-06,0,0,0.05,constant_invalid,False,,"L_tilde = h * (k tensor l) / max(k tensor h, epsilon)",0.05,diagnostic only; lower allocated-water radiance does not select a winner,0,0,circular_mean_reference,0.9999999999999998,radius_m,500.0,10.0,literal_fork_form_reference_not_measured_viirs_psf,"[101, 101]",circular_mean,stationary_kernel_allocation,,1.0,,0,0,retain_in_numerator_then_clip_negative_output_after_recording,3.059278134059906,5.951502664470673,0.16726020359404292,7.5492825999641715,10000,35.5822995344162,fork_form_locally_normalized_radiance_allocation,nan,,0.0,0.0,355823.0,0.0,0.0,355822.995344162,0.9131422471036612,0.3154415730525232,0.34544625142987945,372100,strict,,fine_pixel_centers_within_radius,1e-06,,,1.0,10000,0,persistent_only_soft
0,,0,,,0.0,0.0,333241.5057067871,s2_only_ablation,"[100, 100]",0,india_delhi,water_adjacent_infrastructure,normalized_proxy_mean,1e-06,0,0,0.05,constant_invalid,False,,"L_tilde = h * (k tensor l) / max(k tensor h, epsilon)",0.05,diagnostic only; lower allocated-water radiance does not select a winner,0,0,circular_mean_reference,0.9999999999999998,radius_m,500.0,10.0,literal_fork_form_reference_not_measured_viirs_psf,"[101, 101]",circular_mean,stationary_kernel_allocation,,1.0,,0,0,retain_in_numerator_then_clip_negative_output_after_recording,2.89212477016449,5.907932214164734,0.16603570571515244,7.480771738736869,10000,35.5822995344162,fork_form_locally_normalized_radiance_allocation,nan,,0.0,0.0,355823.0,0.0,0.0,355822.995344162,0.9115415259137714,0.31519754217631735,0.3457851696451892,372100,strict,,fine_pixel_centers_within_radius,1e-06,,,1.0,10000,0,spectral_only_soft
0,,0,,,0.0,0.0,326161.70195150375,s2_only_ablation,"[100, 100]",0,india_delhi,water_adjacent_infrastructure,normalized_proxy_mean,1e-06,0,0,0.05,constant_invalid,False,,"L_tilde = h * (k tensor l) / max(k tensor h, epsilon)",0.05,diagnostic only; lower allocated-water radiance does not select a winner,0,0,circular_mean_reference,0.9999999999999998,radius_m,500.0,10.0,literal_fork_form_reference_not_measured_viirs_psf,"[101, 101]",circular_mean,stationary_kernel_allocation,,1.0,,0,0,retain_in_numerator_then_clip_negative_output_after_recording,3.318940862464905,5.913182098960877,0.16618324774770335,7.510521649134557,10000,35.5822995344162,fork_form_locally_normalized_radiance_allocation,nan,,0.0,0.0,355823.0,0.0,0.0,355822.995344162,0.9009816597545461,0.31086036731102307,0.34502408166477433,372100,strict,,fine_pixel_centers_within_radius,1e-06,,,1.0,10000,0,combined_soft
0,,0,,,0.0,0.0,333241.5057067871,s2_only_ablation,"[100, 100]",0,india_delhi,water_adjacent_infrastructure,normalized_proxy_mean,1e-06,0,0,0.05,constant_invalid,False,,"L_tilde = h * (k tensor l) / max(k tensor h, epsilon)",0.05,diagnostic only; lower allocated-water radiance does not select a winner,0,0,circular_mean_reference,0.9999999999999998,radius_m,500.0,10.0,literal_fork_form_reference_not_measured_viirs_psf,"[101, 101]",circular_mean,stationary_kernel_allocation,,1.0,,0,0,retain_in_numerator_then_clip_negative_output_after_recording,2.89212477016449,5.907932214164734,0.16603570571515244,7.480771738736869,10000,35.5822995344162,fork_form_locally_normalized_radiance_allocation,nan,,0.0,0.0,355823.0,0.0,0.0,355822.995344162,0.9115415259137714,0.31519754217631735,0.3457851696451892,372100,strict,,fine_pixel_centers_within_radius,1e-06,,,1.0,10000,0,combined_hard_persistent_sensitivity_only
0,,0,,,0.0,0.0,326115.89535188675,s2_only_ablation,"[100, 100]",0,india_delhi,water_adjacent_infrastructure,normalized_proxy_mean,1e-06,0,0,0.05,constant_invalid,False,,"L_tilde = h * (k tensor l) / max(k tensor h, epsilon)",0.05,diagnostic only; lower allocated-water radiance does not select a winner,0,0,circular_mean_reference,0.9999999999999998,radius_m,500.0,10.0,literal_fork_form_reference_not_measured_viirs_psf,"[101, 101]",circular_mean,stationary_kernel_allocation,,1.0,,0,0,retain_in_numerator_then_clip_negative_output_after_recording,3.321212878990173,5.9147485750198365,0.16622727177311644,7.512986083782903,10000,35.5822995344162,fork_form_locally_normalized_radiance_allocation,nan,,0.0,0.0,355823.0,0.0,0.0,355822.995344162,0.9012079709232478,0.3109925694114212,0.34508412567510693,372100,strict,,fine_pixel_centers_within_radius,1e-06,,,1.0,10000,0,soft_with_mapped_infrastructure_override
0,,,,,0.0,0.0,318891.1115460396,s2_only_ablation,"[100, 100]",0,india_delhi,water_adjacent_infrastructure,normalized_proxy_mean,1e-06,0,0,0.05,constant_invalid,False,,"L_tilde = h * (k tensor l) / max(k tensor h, epsilon)",0.05,diagnostic only; lower allocated-water radiance does not select a winner,0,0,gaussian_fwhm_750m,1.0,fwhm_m,750.0,10.0,named_allocation_sensitivity_not_recovered_viirs_psf,"[257, 257]",gaussian,stationary_kernel_allocation,,1.0,,0,0,retain_in_numerator_then_clip_negative_output_after_recording,3.9320591492039223,6.407539839746554,0.17963259860461642,8.333608779786418,9604,35.67025077586271,fork_form_locally_normalized_radiance_allocation,nan,,0.0,0.0,355823.0,0.0,0.0,355822.995344162,0.9009816597545461,0.31086036731102307,0.34502408166477433,372100,strict,318.49567510800716,,1e-06,1280.0,4.0,1.0,10000,0,combined_soft
0,,,,,0.0,0.0,310512.733628273,s2_only_ablation,"[100, 100]",0,india_delhi,water_adjacent_infrastructure,normalized_proxy_mean,1e-06,0,0,0.05,constant_invalid,False,,"L_tilde = h * (k tensor l) / max(k tensor h, epsilon)",0.05,diagnostic only; lower allocated-water radiance does not select a winner,0,0,gaussian_fwhm_1000m,1.0,fwhm_m,1000.0,10.0,named_allocation_sensitivity_not_recovered_viirs_psf,"[341, 341]",gaussian,stationary_kernel_allocation,,1.0,,0,0,retain_in_numerator_then_clip_negative_output_after_recording,,,,,0,,fork_form_locally_normalized_radiance_allocation,nan,,0.0,0.0,355823.0,0.0,0.0,355822.995344162,0.9009816597545461,0.31086036731102307,0.34502408166477433,372100,strict,424.66090014400953,,1e-06,1700.0,4.0,1.0,10000,0,combined_soft
0,,,,,0.0,0.0,305692.4878411293,s2_only_ablation,"[100, 100]",0,india_delhi,water_adjacent_infrastructure,normalized_proxy_mean,1e-06,0,0,0.05,constant_invalid,False,,"L_tilde = h * (k tensor l) / max(k tensor h, epsilon)",0.05,diagnostic only; lower allocated-water radiance does not select a winner,0,0,gaussian_fwhm_1500m,1.0,fwhm_m,1500.0,10.0,named_allocation_sensitivity_not_recovered_viirs_psf,"[511, 511]",gaussian,stationary_kernel_allocation,,1.0,,0,0,retain_in_numerator_then_clip_negative_output_after_recording,,,,,0,,fork_form_locally_normalized_radiance_allocation,nan,,0.0,0.0,355823.0,0.0,0.0,355822.995344162,0.9009816597545461,0.31086036731102307,0.34502408166477433,372100,strict,636.9913502160143,,1e-06,2550.0,4.0,1.0,10000,0,combined_soft
0,,,,,0.0,0.0,329609.20615911484,built_form_primary,"[100, 100]",,india_delhi,water_adjacent_infrastructure,,,,,,,False,100.0,,,diagnostic only; lower allocated-water radiance does not select a winner,,,native_vnp_footprint,,,,,actual_projected_source_cell_polygon_area_overlap_major_sensitivity,,native_vnp_footprint,native_footprint_allocation,1.0,,12,,,,0.17005129142974815,0.22126835072413087,0.0067617338797229965,0.2625168248586418,12,32.72361123049632,native_vnp_footprint_area_overlap_sensitivity,,23676,,,,0.0,0.0,355822.995344162,1.0291936526446532,0.21137221105938372,0.20537652313260124,372100,strict,,,1e-06,,,1.0,10000,0,combined_soft
0,,,,,0.0,0.0,352855.35774087906,s2_only_ablation,"[100, 100]",,india_delhi,water_adjacent_infrastructure,,,,,,,False,100.0,,,diagnostic only; lower allocated-water radiance does not select a winner,,,native_vnp_footprint,,,,,actual_projected_source_cell_polygon_area_overlap_major_sensitivity,,native_vnp_footprint,native_footprint_allocation,1.0,,12,,,,0.16509541248281798,0.20778484518329302,0.0063496916608262455,0.2469900395800025,12,32.72361183539033,native_vnp_footprint_area_overlap_sensitivity,,23676,,,,0.0,0.0,355822.995344162,0.9009816597545461,0.31086036731102307,0.34502408166477433,372100,strict,,,1e-06,,,1.0,10000,0,combined_soft
